name,phone_number,phone.phones_enricher.carrier_type,full_address,city,state,rating,reviews,reviews_link,business_niche
FRANKLIN HVAC LLC,+1 479-207-2454,mobile,,,,,,,HVAC
Chill Factor Mechanical,+1 479-459-4566,mobile,"4300 Rogers Ave Suite 20 PMB 136, Fort Smith, AR 72903",Fort Smith,Arkansas,5.0,1.0,"https://search.google.com/local/reviews?placeid=ChIJa2tuBTuzy4cRZcRjou8z85o&q=hvac+contractor,+72957,+Van+Buren,+AR,+US&authuser=0&hl=en&gl=US",HVAC
KD's Heating and Air,+1 479-824-4456,mobile,,,,5.0,2.0,,HVAC
Holsted Heat and Air Inc,+1 479-430-0834,mobile,"7600 Mote Rd, Mountainburg, AR 72946",Mountainburg,Arkansas,3.6,7.0,"https://search.google.com/local/reviews?placeid=ChIJv3hNcGbGy4cRK_PYDQMeBaI&q=hvac+contractor,+72959,+Winslow,+AR,+US&authuser=0&hl=en&gl=US",HVAC
AirPro,+1 479-601-0711,mobile,,,,5.0,34.0,"https://search.google.com/local/reviews?placeid=ChIJ-4w95DhxyYcRUkuekF7t1Uo&q=hvac+contractor,+72959,+Winslow,+AR,+US&authuser=0&hl=en&gl=US",HVAC
Carter's HVAC,+1 479-305-0065,mobile,"505 Madison 7395, Hindsville, AR 72738",Hindsville,Arkansas,2.0,1.0,,HVAC
Clarks Heating & Air LLC,+1 479-957-8012,mobile,,,,4.5,11.0,"https://search.google.com/local/reviews?placeid=ChIJqwXrBYJtyYcRlalwYfimb6Y&q=hvac+contractor,+72959,+Winslow,+AR,+US&authuser=0&hl=en&gl=US",HVAC
LJ Heating & Air,+1 479-334-8636,mobile,,,,5.0,2.0,"https://search.google.com/local/reviews?placeid=ChIJIWBpGj1ryYcRdjFG86sMGJI&q=hvac+contractor,+72959,+Winslow,+AR,+US&authuser=0&hl=en&gl=US",HVAC
Hook Mechanical LLC,+1 479-200-6998,mobile,"8269 US-412, Huntsville, AR 72740",Huntsville,Arkansas,4.6,27.0,"https://search.google.com/local/reviews?placeid=ChIJEcvoa_NLyYcR8J22wQtK5D0&q=hvac+contractor,+72740,+Huntsville,+AR,+US&authuser=0&hl=en&gl=US",HVAC
Precision Comfort Heating and Cooling,+1 479-435-5039,mobile,"4257 Gabel Dr Suite 3C, Fayetteville, AR 72703",Fayetteville,Arkansas,5.0,30.0,"https://search.google.com/local/reviews?placeid=ChIJgfGRWOwcCooRBU8D-zMU3bk&q=hvac+contractor,+72741,+Johnson,+AR,+US&authuser=0&hl=en&gl=US",HVAC
Neely Mechanical Services of NWA,+1 417-560-0203,mobile,"913 W Eagle St, Fayetteville, AR 72701",Fayetteville,Arkansas,4.2,10.0,"https://search.google.com/local/reviews?placeid=ChIJ_XULpn1vyYcRj4bl9J4kBog&q=hvac+contractor,+72741,+Johnson,+AR,+US&authuser=0&hl=en&gl=US",HVAC
Superior Air Solutions,+1 479-957-0353,mobile,,,,4.2,5.0,"https://search.google.com/local/reviews?placeid=ChIJIT7uQQZryYcRzSCUUQF683o&q=hvac+contractor,+72741,+Johnson,+AR,+US&authuser=0&hl=en&gl=US",HVAC
Comfort Control Inc,+1 479-841-0594,mobile,"2087 S School Ave, Fayetteville, AR 72701",Fayetteville,Arkansas,5.0,2.0,"https://search.google.com/local/reviews?placeid=ChIJezpQ4yc6JkoRgHBT0jZ7UPo&q=hvac+contractor,+72741,+Johnson,+AR,+US&authuser=0&hl=en&gl=US",HVAC
Doyle's Heating & Cooling LLC,+1 479-601-5075,mobile,,,,4.6,10.0,"https://search.google.com/local/reviews?placeid=ChIJYwVwSDttyYcRc5M_f1Fh520&q=hvac+contractor,+72741,+Johnson,+AR,+US&authuser=0&hl=en&gl=US",HVAC
Zig Emergency Heating and Cooling Repair,+1 501-294-4355,mobile,,,,,,,HVAC
"Valdez Heating and Cooling, LLC",+1 479-372-3455,mobile,"5280 Razorback St, Lowell, AR 72745",Lowell,Arkansas,4.6,15.0,"https://search.google.com/local/reviews?placeid=ChIJT9JsWAUUyYcRS6NViH-Gm-A&q=hvac+contractor,+72745,+Lowell,+AR,+US&authuser=0&hl=en&gl=US",HVAC
Zendejas Heating and Cooling LLC,+1 479-379-0480,mobile,"2304 Elmwood Ave, Lowell, AR 72745",Lowell,Arkansas,,,,HVAC
N W Air Care,+1 501-237-6971,mobile,"14145 L C Hickman Rd, Gravette, AR 72736",Gravette,Arkansas,5.0,4.0,"https://search.google.com/local/reviews?placeid=ChIJ4beZMOwJyYcRK1yAbpcKdIk&q=hvac+contractor,+72747,+Maysville,+AR,+US&authuser=0&hl=en&gl=US",HVAC
Mills Heat and Air NWA,+1 479-412-0591,mobile,,,,5.0,8.0,"https://search.google.com/local/reviews?placeid=ChIJXSmXAVXg_4IR6XVzj4QyQhI&q=hvac+contractor,+72747,+Maysville,+AR,+US&authuser=0&hl=en&gl=US",HVAC
Drum's Custom Air,+1 479-228-0921,mobile,,,,5.0,13.0,,HVAC
Faith Energy,+1 479-721-0251,mobile,,,,5.0,3.0,"https://search.google.com/local/reviews?placeid=ChIJg3jpRWoZyYcRiOHbcnV1Vbk&q=hvac+contractor,+72756,+Rogers,+AR,+US&authuser=0&hl=en&gl=US",HVAC
Fischer's Heating and Air,+1 479-366-7477,mobile,"115 N Dixieland Rd #1, Rogers, AR 72756",Rogers,Arkansas,,,,HVAC
Bottomllne Mechanical Systems,+1 479-903-5345,mobile,"1400 W Walnut St ste 111, Rogers, AR 72756",Rogers,Arkansas,3.4,5.0,"https://search.google.com/local/reviews?placeid=ChIJ5f8LcwUXyYcRBHPMRlfEjLw&q=hvac+contractor,+72757,+Rogers,+AR,+US&authuser=0&hl=en&gl=US",HVAC
NWA HVAC Solutions,+1 479-531-7295,mobile,,,,,,,HVAC
R Squared Plumbing & Drain Service,+1 479-396-4390,mobile,"620 W Nursery Rd, Rogers, AR 72758",Rogers,Arkansas,4.3,7.0,"https://search.google.com/local/reviews?placeid=ChIJZ8QK9nRkyYcRur75XGGXH44&q=hvac+contractor,+72758,+Rogers,+AR,+US&authuser=0&hl=en&gl=US",HVAC
DOYLE'S HEATING AND COOLING,+1 479-601-5075,mobile,"Clayton St, Springdale, AR 72762",Springdale,Arkansas,,,,HVAC
Professional Air Systems LLC,+1 479-871-2114,mobile,"3285 W Huntsville Ave, Springdale, AR 72762",Springdale,Arkansas,5.0,5.0,"https://search.google.com/local/reviews?placeid=ChIJCYr-g7NsyYcRAktEKlHYphI&q=hvac+contractor,+72764,+Springdale,+AR,+US&authuser=0&hl=en&gl=US",HVAC
A Palmer Company (Pending),+1 479-200-5421,mobile,,,,,,,HVAC
Platinum Mechanical,+1 479-370-6064,mobile,,,,5.0,3.0,"https://search.google.com/local/reviews?placeid=ChIJf3X-CSw-wo4RoVqOtgWq6AM&q=hvac+contractor,+72769,+Summers,+AR,+US&authuser=0&hl=en&gl=US",HVAC
CRM REFRIGERATION.LLC,+1 479-936-0764,mobile,,,,,,,HVAC
Ace Refrigeration,+1 479-839-3912,mobile,"15695 Seely Rd, West Fork, AR 72774",West Fork,Arkansas,4.9,8.0,"https://search.google.com/local/reviews?placeid=ChIJTy8m-HpkyYcRQ_KRUbCxqIw&q=hvac+contractor,+72774,+West+Fork,+AR,+US&authuser=0&hl=en&gl=US",HVAC
Billy's Heating & Air,+1 479-789-4264,mobile,"778 Madison 3235, Witter, AR 72776",Witter,Arkansas,3.7,3.0,"https://search.google.com/local/reviews?placeid=ChIJd9qTY_-pzocRPo5Hip3QhfI&q=hvac+contractor,+72776,+Witter,+AR,+US&authuser=0&hl=en&gl=US",HVAC
"Dan The Serviceman, Inc.",+1 479-968-7710,voip,"188 Sagewood Ln, Russellville, AR 72802",Russellville,Arkansas,2.6,5.0,"https://search.google.com/local/reviews?placeid=ChIJYZTyHxZTzIcRrhLJRzqaxkI&q=hvac+contractor,+72801,+Russellville,+AR,+US&authuser=0&hl=en&gl=US",HVAC
Tim Tech Repair,+1 479-567-2282,mobile,"808 E B St, Russellville, AR 72801",Russellville,Arkansas,5.0,1.0,"https://search.google.com/local/reviews?placeid=ChIJ5xpY7Z9TzIcRPYEGWhskkOg&q=hvac+contractor,+72801,+Russellville,+AR,+US&authuser=0&hl=en&gl=US",HVAC
C & J AIR CONDITIONING LLC,+1 479-453-1180,mobile,"4505 Tanya Cir, Russellville, AR 72802",Russellville,Arkansas,5.0,1.0,"https://search.google.com/local/reviews?placeid=ChIJ8UPNC09RzIcRav0r3gtxe-c&q=hvac+contractor,+72801,+Russellville,+AR,+US&authuser=0&hl=en&gl=US",HVAC
Jim's Heating & AC,+1 479-213-0786,mobile,"1043 W College St, Altus, AR 72821",Altus,Arkansas,4.8,24.0,"https://search.google.com/local/reviews?placeid=ChIJz_IWez6Ky4cRaBj9e9Busog&q=hvac+contractor,+72821,+Altus,+AR,+US&authuser=0&hl=en&gl=US",HVAC
"May's Mechanical Services, LLC",+1 479-518-3730,mobile,,,,5.0,1.0,"https://search.google.com/local/reviews?placeid=ChIJTzcONL2pzYcREC42qp1q0i4&q=hvac+contractor,+72823,+Atkins,+AR,+US&authuser=0&hl=en&gl=US",HVAC
"Flawless Heating & Air, Inc.",+1 479-970-1262,mobile,"102 W Main St, Plainview, AR 72857",Plainview,Arkansas,5.0,3.0,"https://search.google.com/local/reviews?placeid=ChIJETumLazvzIcRaw6E1I-NZBo&q=hvac+contractor,+72828,+Briggsville,+AR,+US&authuser=0&hl=en&gl=US",HVAC
BURNS HEATING & COOLING,+1 479-477-1423,mobile,"12228 State Hwy 155, Dardanelle, AR 72834",Dardanelle,Arkansas,1.0,1.0,"https://search.google.com/local/reviews?placeid=ChIJY6mAJfBWzIcREP67nrz-oB0&q=hvac+contractor,+72828,+Briggsville,+AR,+US&authuser=0&hl=en&gl=US",HVAC
"Middlebrooks Heat, Air & Refrigeration",+1 479-518-1304,mobile,"394 Military Rd, Ratcliff, AR 72951",Ratcliff,Arkansas,4.9,27.0,"https://search.google.com/local/reviews?placeid=ChIJFaXmFROFy4cRbamqr_safpk&q=hvac+contractor,+72828,+Briggsville,+AR,+US&authuser=0&hl=en&gl=US",HVAC
LA Heating and Cooling,+1 479-280-4401,mobile,,,,,,,HVAC
Hattabaugh Service Co,+1 501-276-4301,mobile,,,,,,,HVAC
Smooth Runnin’ Heat & Air,+1 479-264-4462,mobile,"68 C Ln, Pottsville, AR 72858",Pottsville,Arkansas,5.0,16.0,"https://search.google.com/local/reviews?placeid=ChIJF66ylsWrzYcRqbNOqAuAauo&q=hvac+contractor,+72828,+Briggsville,+AR,+US&authuser=0&hl=en&gl=US",HVAC
Cody H Clements,+1 501-765-8092,mobile,,,,,,,HVAC
"C & J AIR CONDITIONING, heating & cooling, comfort solutions",+1 479-453-1180,mobile,"1307 Adam Dr, Dardanelle, AR 72834",Dardanelle,Arkansas,,,,HVAC
Booneville Heating & Air Conditioning,+1 479-849-3311,mobile,"80 E Main St, Booneville, AR 72927",Booneville,Arkansas,3.5,11.0,"https://search.google.com/local/reviews?placeid=ChIJVzvxWeh3y4cR7I49w5MFLgM&q=hvac+contractor,+72828,+Briggsville,+AR,+US&authuser=0&hl=en&gl=US",HVAC
Bob's Sheet Metal & Duct Repair,+1 501-209-5051,mobile,,,,,,,HVAC
Johnston Air,+1 501-815-4210,mobile,,,,5.0,5.0,"https://search.google.com/local/reviews?placeid=ChIJ_UKs0bbzh48Rc_Snjp4jwdw&q=hvac+contractor,+72828,+Briggsville,+AR,+US&authuser=0&hl=en&gl=US",HVAC
Custom Electric Inc,+1 479-453-0692,mobile,"10361 Frog Pond Ln, Dardanelle, AR 72834",Dardanelle,Arkansas,4.5,23.0,"https://search.google.com/local/reviews?placeid=ChIJTVhUHUdWzIcRN-fqawcjq3s&q=hvac+contractor,+72828,+Briggsville,+AR,+US&authuser=0&hl=en&gl=US",HVAC
PSG HEATING & AIR,+1 501-757-0227,mobile,,,,5.0,1.0,"https://search.google.com/local/reviews?placeid=ChIJsQ4SPuDpzYcRPgr-CDiLQuc&q=hvac+contractor,+72832,+Coal+Hill,+AR,+US&authuser=0&hl=en&gl=US",HVAC
Slagle Heat and Air,+1 479-227-0218,mobile,"5142 US-270, Boles, AR 72926",Boles,Arkansas,5.0,2.0,"https://search.google.com/local/reviews?placeid=ChIJp9XKV4NBy4cR9WInLeNbMV4&q=hvac+contractor,+72838,+Gravelly,+AR,+US&authuser=0&hl=en&gl=US",HVAC
Hogan's Heating And Air LLC,+1 501-772-2759,mobile,,,,5.0,2.0,,HVAC
Red Hog Refrigeration Heat & Air,+1 501-802-0454,mobile,,,,5.0,12.0,,HVAC
Komp Heat & Air,+1 479-847-0017,mobile,,,,,,,HVAC
Westbrook Heating And Cooling LLC,+1 479-352-1894,mobile,,,,5.0,7.0,"https://search.google.com/local/reviews?placeid=ChIJob7fFS8QhUMR0S_h2hHsyKc&q=hvac+contractor,+72840,+Hartman,+AR,+US&authuser=0&hl=en&gl=US",HVAC
D-N-A HVAC LLC,+1 479-629-2186,mobile,,,,5.0,5.0,"https://search.google.com/local/reviews?placeid=ChIJKZWb5l0Jy4cRFdCvLQgfa8U&q=hvac+contractor,+72841,+Harvey,+AR,+US&authuser=0&hl=en&gl=US",HVAC
Wright's Heating & Air Conditioning,+1 479-394-5894,mobile,"1180 US-71, Mena, AR 71953",Mena,Arkansas,5.0,58.0,"https://search.google.com/local/reviews?placeid=ChIJV2PiCNIvy4cR--ofpIhNfAM&q=hvac+contractor,+72841,+Harvey,+AR,+US&authuser=0&hl=en&gl=US",HVAC
Temp Pro HVAC,+1 501-827-3213,mobile,,,,5.0,29.0,,HVAC
Climatek Hvac & Electrical,+1 870-307-8581,mobile,"1997 Batesville Blvd, Batesville, AR 72501",Batesville,Arkansas,5.0,6.0,"https://search.google.com/local/reviews?placeid=ChIJhadCae7F04cRba9Wv7-6I-k&q=hvac+contractor,+72571,+Rosie,+AR,+US&authuser=0&hl=en&gl=US",HVAC
Anderson's Heat & Air Of N.E.A,+1 870-664-1967,mobile,"1014 Highland Ave, Newport, AR 72112",Newport,Arkansas,5.0,1.0,"https://search.google.com/local/reviews?placeid=ChIJKxVnjrL104cRTpbqSmkIJP4&q=hvac+contractor,+72571,+Rosie,+AR,+US&authuser=0&hl=en&gl=US",HVAC
Jennings Heating & Cooling,+1 501-230-4275,mobile,,,,4.8,10.0,"https://search.google.com/local/reviews?placeid=ChIJwUfgnChZ5o4R3EnVA6VbLP0&q=hvac+contractor,+72571,+Rosie,+AR,+US&authuser=0&hl=en&gl=US",HVAC
A.C. of Arkansas,+1 501-831-8986,mobile,,,,5.0,2.0,"https://search.google.com/local/reviews?placeid=ChIJq5akm2il0ocRMi4aT0FAu2k&q=hvac+contractor,+72571,+Rosie,+AR,+US&authuser=0&hl=en&gl=US",HVAC
Accuracy Heat & Air LLC,+1 501-230-3236,mobile,"111 Railroad St, Higginson, AR 72068",Higginson,Arkansas,3.9,7.0,"https://search.google.com/local/reviews?placeid=ChIJi1NzVIAH04cRWNbceOlVCVk&q=hvac+contractor,+72573,+Sage,+AR,+US&authuser=0&hl=en&gl=US",HVAC
B+S Electric LLC,+1 701-789-1959,mobile,"324 Hwy 62 W, Salem, AR 72576",Salem,Arkansas,4.9,19.0,"https://search.google.com/local/reviews?placeid=ChIJzT47rZYJ0YcRkIBbdermqc8&q=hvac+contractor,+72576,+Salem,+AR,+US&authuser=0&hl=en&gl=US",HVAC
Top Notch Heating & Air,+1 870-371-2410,mobile,,,,5.0,1.0,"https://search.google.com/local/reviews?placeid=ChIJLYk-nI6Ol4cR7r4xDJ5nbSY&q=hvac+contractor,+72576,+Salem,+AR,+US&authuser=0&hl=en&gl=US",HVAC
DELTA HVAC & CONTROLS SOUTH EAST,+1 870-636-1630,mobile,"395 White Mountain Dr, Melbourne, AR 72556",Melbourne,Arkansas,,,,HVAC
Hometown Heating and Cooling,+1 870-834-2334,mobile,"691 E Main St, Main St 104 W, Melbourne, AR 72556",Melbourne,AR,4.8,6.0,"https://search.google.com/local/reviews?placeid=ChIJL5FSZbmD0YcRR3NkHMiX6ZM&q=hvac+contractor,+72577,+Sidney,+AR,+US&authuser=0&hl=en&gl=US",HVAC
B&M Electric & HVAC,+1 870-219-8734,mobile,"418 North Main St, Bay, AR 72411",Bay,Arkansas,5.0,1.0,"https://search.google.com/local/reviews?placeid=ChIJ7XN1NIDT1YcRFguU6prIUhM&q=hvac+contractor,+72577,+Sidney,+AR,+US&authuser=0&hl=en&gl=US",HVAC
KOOL AIR & HEAT LLC,+1 501-206-7512,mobile,"460 Adcock Dr, Heber Springs, AR 72543",Heber Springs,Arkansas,5.0,3.0,"https://search.google.com/local/reviews?placeid=ChIJ2Th7TEnqmQURp6L2rif3FFw&q=hvac+contractor,+72581,+Tumbling+Shoals,+AR,+US&authuser=0&hl=en&gl=US",HVAC
Cox Heating and Cooling,+1 870-416-8700,mobile,,,,4.0,3.0,"https://search.google.com/local/reviews?placeid=ChIJH9kIkzL1zocR3gOuq5b8zzw&q=hvac+contractor,+72601,+Harrison,+AR,+US&authuser=0&hl=en&gl=US",HVAC
H&H Heating and Cooling,+1 870-204-2566,mobile,"8691 US-62, Harrison, AR 72601",Harrison,Arkansas,,,,HVAC
Earnest Heating & Cooling,+1 870-280-0508,mobile,"2003 AR 7, Harrison, AR 72601",Harrison,Arkansas,,,,HVAC
Arrow Refrigeration & RV,+1 870-204-3854,mobile,,,,1.8,5.0,,HVAC
A2Z Heating and Cooling LLC,+1 870-754-9303,mobile,,,,5.0,5.0,,HVAC
Logan Boyd’s Refrigeration,+1 870-504-2971,mobile,"2255 Wildcat Spgs Rd, Marshall, AR 72650",Marshall,Arkansas,,,,HVAC
Flippin Heat & Air LLC,+1 870-321-9372,mobile,"106 W Industrial Park Rd, Flippin, AR 72634",Flippin,Arkansas,,,,HVAC
Jeff's Heating & Cooling,+1 870-404-4228,mobile,"6022 AR-14, Yellville, AR 72687",Yellville,Arkansas,5.0,8.0,"https://search.google.com/local/reviews?placeid=ChIJ10KtX9k-zocR3LemNkD6Sy8&q=hvac+contractor,+72623,+Clarkridge,+AR,+US&authuser=0&hl=en&gl=US",HVAC
"Beattie’s HVAC, Electrical & More",+1 417-543-5703,mobile,"399 County Road 919, Thornfield, MO 65762",Thornfield,Missouri,5.0,4.0,,HVAC
Hunt Heat & Air Services LLC,+1 501-757-1993,mobile,,,,5.0,11.0,"https://search.google.com/local/reviews?placeid=ChIJ3Wc-4TjiskYRSwbdilNmOko&q=hvac+contractor,+72629,+Dennard,+AR,+US&authuser=0&hl=en&gl=US",HVAC
Dub's Heating & Air,+1 479-981-6599,mobile,"1253 Co Rd 226, Eureka Springs, AR 72631",Eureka Springs,Arkansas,5.0,2.0,"https://search.google.com/local/reviews?placeid=ChIJC0BxibTVzocR-VIbjtTS8g4&q=hvac+contractor,+72631,+Eureka+Springs,+AR,+US&authuser=0&hl=en&gl=US",HVAC
"Elite Mechanical Services, LLC",+1 903-490-1844,mobile,"206 Burgess St, Fouke, AR 71837",Fouke,Arkansas,5.0,29.0,"https://search.google.com/local/reviews?placeid=ChIJcw-uvDwONIYRBJ1DBm79TYE&q=hvac+contractor,+71854,+Texarkana,+AR,+US&authuser=0&hl=en&gl=US",HVAC
Starnes Heating & Air,+1 903-490-2210,mobile,"526 Ida Ave, Texarkana, AR 71854",Texarkana,Arkansas,5.0,1.0,"https://search.google.com/local/reviews?placeid=ChIJiQWIiTFrNIYRGZPhjjJlMsg&q=hvac+contractor,+71854,+Texarkana,+AR,+US&authuser=0&hl=en&gl=US",HVAC
Air Pro Services,+1 870-279-3091,mobile,,,,4.1,26.0,"https://search.google.com/local/reviews?placeid=ChIJWeBMY8dvNIYRjiOEC-V-YJU&q=hvac+contractor,+71854,+Texarkana,+AR,+US&authuser=0&hl=en&gl=US",HVAC
MW Conway Heating & Air,+1 870-648-8490,mobile,,,,,,,HVAC
WAR service Co.,+1 870-953-1050,mobile,"1340 Lafayette 31, Stamps, AR 71860",Stamps,Arkansas,5.0,10.0,"https://search.google.com/local/reviews?placeid=ChIJLw3lGdRkX0gRkqkndwhgauk&q=hvac+contractor,+71858,+Rosston,+AR,+US&authuser=0&hl=en&gl=US",HVAC
Air Solutions Co.,+1 501-831-6355,mobile,,,,5.0,1.0,"https://search.google.com/local/reviews?placeid=ChIJr1CIyjCv0ocR0S3YVW6bD8c&q=hvac+contractor,+71858,+Rosston,+AR,+US&authuser=0&hl=en&gl=US",HVAC
Ken Johnson AC Heating Appliance Services,+1 870-904-3433,mobile,"261 Columbia Rd 54, Waldo, AR 71770",Waldo,Arkansas,5.0,2.0,"https://search.google.com/local/reviews?placeid=ChIJh362dQrBM4YRALO_E4uQj5g&q=hvac+contractor,+71858,+Rosston,+AR,+US&authuser=0&hl=en&gl=US",HVAC
"Randy's HVAC, LLC",+1 870-953-1931,mobile,,,,,,,HVAC
"Dotson's Heating, Air, Refrigeration & Electrical",+1 870-872-9300,mobile,,,,2.0,9.0,"https://search.google.com/local/reviews?placeid=ChIJdd7_ZFY8LYYRvRAgpjXBy6M&q=hvac+contractor,+71858,+Rosston,+AR,+US&authuser=0&hl=en&gl=US",HVAC
Murphree Heating & Air LLC,+1 870-315-4192,mobile,,,,5.0,6.0,"https://search.google.com/local/reviews?placeid=ChIJg7EtOgHlrWsRH9v_49x6Odw&q=hvac+contractor,+71858,+Rosston,+AR,+US&authuser=0&hl=en&gl=US",HVAC
Hal Lewis Heat and Air,+1 903-559-4197,mobile,,,,3.2,5.0,"https://search.google.com/local/reviews?placeid=ChIJzQQmGRhfNIYRVO1YzkmNzfc&q=hvac+contractor,+71865,+Wilton,+AR,+US&authuser=0&hl=en&gl=US",HVAC
Dorsey's Heating & A/C,+1 870-279-2161,mobile,"1209 US-70, De Queen, AR 71832",De Queen,Arkansas,4.9,15.0,"https://search.google.com/local/reviews?placeid=ChIJWbhXNBPkNIYR7RuY-eiDCYI&q=hvac+contractor,+71865,+Wilton,+AR,+US&authuser=0&hl=en&gl=US",HVAC
American Services Arkansas,+1 501-617-0041,mobile,"202 3rd St, Hot Springs, AR 71913",Hot Springs,Arkansas,,,,HVAC
TRS Maintenance,+1 501-815-2520,mobile,"212 Cessna Cir, Hot Springs, AR 71913",Hot Springs,Arkansas,5.0,1.0,"https://search.google.com/local/reviews?placeid=ChIJGc8MJacrM4YRn5_I55u8F9U&q=hvac+contractor,+71901,+Hot+Springs+National+Park,+AR,+US&authuser=0&hl=en&gl=US",HVAC
Altec Service,+1 501-680-3888,mobile,"100 Castleton St, Hot Springs, AR 71901",Hot Springs,Arkansas,5.0,5.0,"https://search.google.com/local/reviews?placeid=ChIJQRhojFeh0ocR9fKotzThk20&q=hvac+contractor,+71901,+Hot+Springs+National+Park,+AR,+US&authuser=0&hl=en&gl=US",HVAC
Integrity heating and air,+1 501-282-3713,mobile,"722 Ward St, Hot Springs, AR 71913",Hot Springs,Arkansas,4.4,16.0,"https://search.google.com/local/reviews?placeid=ChIJsVtaru8qzYcRGkZ87pyAcQk&q=hvac+contractor,+71901,+Hot+Springs+National+Park,+AR,+US&authuser=0&hl=en&gl=US",HVAC
Weatherford Air Conditioning Inc,+1 501-282-7577,mobile,"769 Shady Heights Rd, Hot Springs, AR 71901",Hot Springs,Arkansas,5.0,5.0,"https://search.google.com/local/reviews?placeid=ChIJcyGNdTDTMoYRBo1jtRtP_GA&q=hvac+contractor,+71901,+Hot+Springs+National+Park,+AR,+US&authuser=0&hl=en&gl=US",HVAC
"Advantage Heating,Cooling & Electrical Services",+1 501-276-3806,mobile,,,,,,,HVAC
Melton Works Inc.,+1 501-276-7099,mobile,"136 Garland Ave, Hot Springs, AR 71913",Hot Springs,Arkansas,,,,HVAC
American Home Shield,+1 501-502-2688,mobile,"5452 Central Ave, Lake Hamilton, AR 71913",Lake Hamilton,Arkansas,1.1,11.0,"https://search.google.com/local/reviews?placeid=ChIJueqA34HVMoYRCeJB8dVGuwo&q=hvac+contractor,+71902,+Hot+Springs+National+Park,+AR,+US&authuser=0&hl=en&gl=US",HVAC
Goza Construction LLC,+1 870-403-1283,mobile,,,,5.0,3.0,"https://search.google.com/local/reviews?placeid=ChIJM1AzyAPfMoYRO6WNtoRu4xU&q=hvac+contractor,+71923,+Arkadelphia,+AR,+US&authuser=0&hl=en&gl=US",HVAC
Redstone heat and air,+1 580-236-5020,mobile,,,,,,,HVAC
"Josh Wilburn Plumbing, LLC",+1 501-545-8497,mobile,"166 E Half Moon Ct, Mountain Pine, AR 71956",Mountain Pine,Arkansas,5.0,5.0,"https://search.google.com/local/reviews?placeid=ChIJfSQZZc_XzIcRByXoB_a8M3U&q=hvac+contractor,+71956,+Mountain+Pine,+AR,+US&authuser=0&hl=en&gl=US",HVAC
Hobson Plumbing LLC,+1 870-490-1646,mobile,"761 Southside Rd, Oden, AR 71961",Oden,Arkansas,5.0,2.0,"https://search.google.com/local/reviews?placeid=ChIJx1i65KNRy4cR7MlaKIbkUxQ&q=hvac+contractor,+71961,+Oden,+AR,+US&authuser=0&hl=en&gl=US",HVAC
"Delk Air, Inc.",+1 870-821-3355,mobile,"201 Quarles Ln, West Helena, AR 72390",West Helena,Arkansas,4.6,30.0,"https://search.google.com/local/reviews?placeid=ChIJSz7aDVfU1IcRu4vDkSSpl-o&q=hvac+contractor,+72048,+Ethel,+AR,+US&authuser=0&hl=en&gl=US",HVAC
BUDGET HEAT AND AIR,+1 501-388-9488,mobile,"104 Searcy, Pangburn, AR 72121",Pangburn,Arkansas,4.8,27.0,"https://search.google.com/local/reviews?placeid=ChIJo9HuUpVN0ocRZUzLlafA9iY&q=hvac+contractor,+72052,+Garner,+AR,+US&authuser=0&hl=en&gl=US",HVAC
Heating & Air Systems of central Arkansas,+1 501-690-8152,mobile,,,,5.0,1.0,"https://search.google.com/local/reviews?placeid=ChIJuYZptZmh0ocRVKBFE4Evobg&q=hvac+contractor,+72053,+College+Station,+AR,+US&authuser=0&hl=en&gl=US",HVAC
Fisher Air & Appliance Service,+1 501-680-7979,mobile,,,,5.0,2.0,"https://search.google.com/local/reviews?placeid=ChIJcaMXNru90ocRk4_zlWJKp_o&q=hvac+contractor,+72053,+College+Station,+AR,+US&authuser=0&hl=en&gl=US",HVAC
"Arkansas Refrigeration Specialists, Inc.",+1 501-765-1112,mobile,,,,5.0,3.0,"https://search.google.com/local/reviews?placeid=ChIJxQwGTay80ocRO9TSRdVY0Ss&q=hvac+contractor,+72053,+College+Station,+AR,+US&authuser=0&hl=en&gl=US",HVAC
Welton & Sons Contracting Services LLC,+1 501-541-1116,mobile,,,,4.0,3.0,,HVAC
Around the Clock Heating & Air,+1 501-612-8080,mobile,"4106 Grant Ln, Little Rock, AR 72206",Little Rock,Arkansas,4.2,31.0,"https://search.google.com/local/reviews?placeid=ChIJAQAAAMCw0ocRj2SVDISOcR0&q=hvac+contractor,+72053,+College+Station,+AR,+US&authuser=0&hl=en&gl=US",HVAC
Diamond State Mechanical,+1 870-824-1719,mobile,,,,5.0,1.0,"https://search.google.com/local/reviews?placeid=ChIJrym3Kuu90ocR0I3wDMampvw&q=hvac+contractor,+72053,+College+Station,+AR,+US&authuser=0&hl=en&gl=US",HVAC
Alota Air,+1 501-516-5257,mobile,,,,4.3,3.0,"https://search.google.com/local/reviews?placeid=ChIJR4vx_jI34WIRsO4NhB_iarM&q=hvac+contractor,+72053,+College+Station,+AR,+US&authuser=0&hl=en&gl=US",HVAC
Davidbrooks Plumbing and Heating and Air,+1 501-744-5403,mobile,"312 E 54th St, North Little Rock, AR 72117",North Little Rock,Arkansas,4.8,26.0,"https://search.google.com/local/reviews?placeid=ChIJ5yg0GGi_0ocRT1CqBMsN7n0&q=hvac+contractor,+72053,+College+Station,+AR,+US&authuser=0&hl=en&gl=US",HVAC
Bass Service Co Inc,+1 501-514-4822,mobile,"25 Ball Hill Dr, Greenbrier, AR 72058",Greenbrier,Arkansas,5.0,1.0,"https://search.google.com/local/reviews?placeid=ChIJrVkITw9-0ocRWcJa4mfDuj0&q=hvac+contractor,+72058,+Greenbrier,+AR,+US&authuser=0&hl=en&gl=US",HVAC
Greg's Heating and Cooling Inc,+1 479-280-9726,mobile,,,,,,,HVAC
Cabot heating and cooling,+1 501-259-0635,mobile,,,,5.0,1.0,"https://search.google.com/local/reviews?placeid=ChIJxRCIOfLv0ocRvZVkebUpoVw&q=hvac+contractor,+72064,+Hazen,+AR,+US&authuser=0&hl=en&gl=US",HVAC
Platinum Contracting,+1 501-352-9652,mobile,,,,4.9,35.0,"https://search.google.com/local/reviews?placeid=ChIJQZYm9B_l0ocRl7on6XttNMI&q=hvac+contractor,+72064,+Hazen,+AR,+US&authuser=0&hl=en&gl=US",HVAC
Holloway Heating & Air LLC Plumbing & Electrical,+1 870-792-7342,mobile,"1125 Main St, Earle, AR 72331",Earle,Arkansas,5.0,1.0,"https://search.google.com/local/reviews?placeid=ChIJYRUpb5Ko1YcRdMcRIX--CDs&q=hvac+contractor,+72069,+Holly+Grove,+AR,+US&authuser=0&hl=en&gl=US",HVAC
"McVay Heating, Cooling, & Refrigeration LLC",+1 501-424-2780,mobile,"14210 AR-5, Cabot, AR 72023",Cabot,Arkansas,5.0,5.0,"https://search.google.com/local/reviews?placeid=ChIJz8jg4XPt0ocRII10tJNTgjI&q=hvac+contractor,+72072,+Humnoke,+AR,+US&authuser=0&hl=en&gl=US",HVAC
Weaver's Total Comfort Heating & Air,+1 870-362-0823,mobile,,,,5.0,19.0,,HVAC
Ray's Heating & Cooling LLC,+1 870-995-1543,mobile,,,,,,,HVAC
"Flowers Heating & Air Conditioning, Inc.",+1 501-596-5029,mobile,"7510 Gibson Rd, Jacksonville, AR 72076",Jacksonville,Arkansas,4.9,40.0,"https://search.google.com/local/reviews?placeid=ChIJ75oqnI-V0ocR_nMGujv4XZ4&q=hvac+contractor,+72076,+Jacksonville,+AR,+US&authuser=0&hl=en&gl=US",HVAC
1-2-3 AC Service Company,+1 501-551-1702,mobile,,,,,,,HVAC
Strange Heat And Air,+1 501-837-4420,mobile,"201 Rita Dr, Jacksonville, AR 72076",Jacksonville,Arkansas,3.0,3.0,"https://search.google.com/local/reviews?placeid=ChIJ-_VqTKKV0ocRB5FjdXaZ21w&q=hvac+contractor,+72076,+Jacksonville,+AR,+US&authuser=0&hl=en&gl=US",HVAC
Reid's Air Maintenance,+1 501-982-5772,mobile,,,,5.0,6.0,"https://search.google.com/local/reviews?placeid=ChIJp6vqJOPq0ocRmLdwYes4ng0&q=hvac+contractor,+72078,+Jacksonville,+AR,+US&authuser=0&hl=en&gl=US",HVAC
MAX AIR HEATING AND AIR,+1 501-529-9830,mobile,,,,2.7,38.0,"https://search.google.com/local/reviews?placeid=ChIJWVyUs0BRzYcRE78fLcy0osQ&q=hvac+contractor,+72079,+Jefferson,+AR,+US&authuser=0&hl=en&gl=US",HVAC
AR Air Solutions Plus,+1 501-326-3965,mobile,"800 South Dr, Benton, AR 72019",Benton,Arkansas,1.0,1.0,"https://search.google.com/local/reviews?placeid=ChIJtzfPQdlRzYcRuGh4dlTlZLg&q=hvac+contractor,+72079,+Jefferson,+AR,+US&authuser=0&hl=en&gl=US",HVAC
Air Techs of Arkansas,+1 501-676-1441,mobile,,,,,,,HVAC
Jean Heating & Air,+1 501-765-3882,mobile,,,,3.7,3.0,"https://search.google.com/local/reviews?placeid=ChIJc_LUlo5QzYcRsg1ugAHh1G4&q=hvac+contractor,+72079,+Jefferson,+AR,+US&authuser=0&hl=en&gl=US",HVAC
"America First Air Conditioning and Heating, Inc.",+1 501-271-3652,mobile,"1313 N Hills Blvd Suite 313, North Little Rock, AR 72114",North Little Rock,Arkansas,4.7,12.0,"https://search.google.com/local/reviews?placeid=ChIJgXKjQjm90ocRn1O7-TKb1i8&q=hvac+contractor,+72079,+Jefferson,+AR,+US&authuser=0&hl=en&gl=US",HVAC
Home Comfort Solutions of Central Arkansas,+1 501-773-5434,mobile,,,,,,,HVAC
D&D Service Co,+1 501-230-7801,mobile,"705 S Oak St, Searcy, AR 72143",Searcy,Arkansas,,,,HVAC
Kent Heating & Air Services,+1 870-483-3247,mobile,"9184 Old Payneway Ln, Trumann, AR 72472",Trumann,Arkansas,4.8,13.0,"https://search.google.com/local/reviews?placeid=ChIJeSwGOZzO1YcRmdZfguxsT44&q=hvac+contractor,+72082,+Kensett,+AR,+US&authuser=0&hl=en&gl=US",HVAC
Troutman Heat & Air,+1 501-350-3790,mobile,"2219 AR-291, Traskwood, AR 72167",Traskwood,Arkansas,5.0,2.0,"https://search.google.com/local/reviews?placeid=ChIJ_9eY9CWzMoYRgSkOSW0tvfE&q=hvac+contractor,+72084,+Leola,+AR,+US&authuser=0&hl=en&gl=US",HVAC
Goshorn Heating and Cooling,+1 501-351-4154,mobile,"13 Kingspark Dr, Maumelle, AR 72113",Maumelle,Arkansas,5.0,23.0,"https://search.google.com/local/reviews?placeid=ChIJlfuEZumf0ocRWfU2UYjW-uc&q=hvac+contractor,+72086,+Lonoke,+AR,+US&authuser=0&hl=en&gl=US",HVAC
"Nathan Yingling Heat, Air and Services",+1 501-858-9730,mobile,"445 W Cliff Dr, Fairfield Bay, AR 72088",Fairfield Bay,Arkansas,,,,HVAC
Performance Heating & Air,+1 501-712-5803,mobile,"1812 N Reynolds Rd, Bryant, AR 72022",Bryant,Arkansas,5.0,2.0,"https://search.google.com/local/reviews?placeid=ChIJVVVVVUVWzYcREzwCLORqLTQ&q=hvac+contractor,+72089,+Bryant,+AR,+US&authuser=0&hl=en&gl=US",HVAC
Manning Construction Heat and Air,+1 501-612-8848,mobile,"1907 Pine Cir, Bryant, AR 72022",Bryant,Arkansas,5.0,2.0,"https://search.google.com/local/reviews?placeid=ChIJj4a-qwJXzYcRPbLJxLh-qBY&q=hvac+contractor,+72089,+Bryant,+AR,+US&authuser=0&hl=en&gl=US",HVAC
Ladd Appliance & HVAC Repair,+1 501-249-9239,mobile,,,,5.0,12.0,"https://search.google.com/local/reviews?placeid=ChIJm8QO2FEwNIcRj32tJFAB7zI&q=hvac+contractor,+72089,+Bryant,+AR,+US&authuser=0&hl=en&gl=US",HVAC
Rock City Air Systems,+1 501-515-0737,mobile,"14014 Crystal Valley Rd, Little Rock, AR 72210",Little Rock,Arkansas,5.0,4.0,"https://search.google.com/local/reviews?placeid=ChIJZTMwPZSZ0ocRJv4RKB5Jbgc&q=hvac+contractor,+72089,+Bryant,+AR,+US&authuser=0&hl=en&gl=US",HVAC
A Squared Heating and Air LLC,+1 501-804-7037,mobile,,,,5.0,2.0,"https://search.google.com/local/reviews?placeid=ChIJtxt0TSqae0UR2wkkNBVqoK0&q=hvac+contractor,+72099,+Little+Rock+Air+Force+Base,+AR,+US&authuser=0&hl=en&gl=US",HVAC
"KSE Elec, Heating & Air, General Contracting",+1 501-420-3370,mobile,,,,,,,HVAC
"SMART Home Advisers, LLC",+1 501-772-7385,mobile,,,,,,,HVAC
Butler Air Conditioning and Heating,+1 501-517-3975,mobile,"1000 Sabrina Ln, Mabelvale, AR 72103",Mabelvale,Arkansas,,,,HVAC
A&A Air Cond & Heating,+1 501-568-6981,mobile,"Evening Shade Dr, Mabelvale, AR 72103",Mabelvale,Arkansas,5.0,3.0,"https://search.google.com/local/reviews?placeid=ChIJO5u43iOv0ocRRAcaOmn6XxI&q=hvac+contractor,+72103,+Mabelvale,+AR,+US&authuser=0&hl=en&gl=US",HVAC
Edens Heating & Cooling,+1 870-784-4259,mobile,"639 AR-365, Mayflower, AR 72106",Mayflower,Arkansas,4.2,5.0,"https://search.google.com/local/reviews?placeid=ChIJVyqwfbCd0ocRtRsEKMVKij8&q=hvac+contractor,+72106,+Mayflower,+AR,+US&authuser=0&hl=en&gl=US",HVAC
America Heating and Cooling,+1 501-288-5031,mobile,"15 Mill Pond Rd, Conway, AR 72034",Conway,Arkansas,4.9,50.0,"https://search.google.com/local/reviews?placeid=ChIJxThuOFiD0ocRQ9HxAFBBZY8&q=hvac+contractor,+72107,+Menifee,+AR,+US&authuser=0&hl=en&gl=US",HVAC
2M Heating and Cooling LLC,+1 501-504-5593,mobile,"13 Cayln Dr, Conway, AR 72032",Conway,Arkansas,,,,HVAC
Central Arkansas HVAC,+1 501-200-3252,mobile,,,,,,,HVAC
Diamond State Mechanical,+1 501-472-4791,mobile,,,,,,,HVAC
KRM Heating And Air,+1 501-909-0150,mobile,,,,4.8,17.0,,HVAC
Andres Ramos Heating and Air,+1 501-352-6915,mobile,,,,3.6,13.0,"https://search.google.com/local/reviews?placeid=ChIJgQlpeRSo0ocR6WINZeCQPTk&q=hvac+contractor,+72118,+North+Little+Rock,+AR,+US&authuser=0&hl=en&gl=US",HVAC
Rheem Morehart Heating & Air,+1 501-951-8582,mobile,"3813 Quail Ln, Benton, AR 72019",Benton,Arkansas,3.7,3.0,"https://search.google.com/local/reviews?placeid=ChIJ00KBjSpRzYcR27nF0aKFyhg&q=hvac+contractor,+72122,+Paron,+AR,+US&authuser=0&hl=en&gl=US",HVAC
Palmer Plumbing LLC,+1 501-306-8143,mobile,"61 Mt Pleasant Rd, Quitman, AR 72131",Quitman,Arkansas,3.7,3.0,"https://search.google.com/local/reviews?placeid=ChIJc8mzIpBl0ocRz0JyE_uduiY&q=hvac+contractor,+72131,+Quitman,+AR,+US&authuser=0&hl=en&gl=US",HVAC
"A & C Tree & Landscape Services, LLC",+1 501-207-2609,mobile,"511 Hwy 385 N, Judsonia, AR 72081",Judsonia,Arkansas,4.5,2.0,"https://search.google.com/local/reviews?placeid=ChIJs4NiW1av04cRuwJ0VE6xFnk&q=hvac+contractor,+72139,+Russell,+AR,+US&authuser=0&hl=en&gl=US",HVAC
Air Solutions Co,+1 501-831-6355,mobile,"12310 Arch St, Little Rock, AR 72206",Little Rock,Arkansas,,,,HVAC
Williams Heat and Air Services,+1 501-732-0180,mobile,"4141 Mulberry Salem Rd, Benton, AR 72019",Benton,Arkansas,5.0,8.0,,HVAC
Benton Electrical Service,+1 501-680-0388,mobile,,,,4.5,11.0,,HVAC
NALL SERVICE INC,+1 501-267-9020,mobile,"619 S Main St, Stuttgart, AR 72160",Stuttgart,Arkansas,4.2,5.0,"https://search.google.com/local/reviews?placeid=ChIJ1_DnAtPKLIYRIJgMnJeEej8&q=hvac+contractor,+72160,+Stuttgart,+AR,+US&authuser=0&hl=en&gl=US",HVAC
Conrad Heating & Air LLC,+1 870-830-3874,mobile,"705 W 11th St, Stuttgart, AR 72160",Stuttgart,Arkansas,4.0,4.0,"https://search.google.com/local/reviews?placeid=ChIJgcrd9SnLLIYRZnDMxK5ccU4&q=hvac+contractor,+72160,+Stuttgart,+AR,+US&authuser=0&hl=en&gl=US",HVAC
Barham Heating & Air Conditioning,+1 870-222-8388,mobile,,,,5.0,1.0,"https://search.google.com/local/reviews?placeid=ChIJ1ZUGc5JhLIYR4V1MxbjQbIQ&q=hvac+contractor,+72166,+Tichnor,+AR,+US&authuser=0&hl=en&gl=US",HVAC
Amos Electric Heating & Air,+1 870-572-6571,mobile,"371 Phillips 216 Rd, Lexa, AR 72355",Lexa,AR,,,,HVAC
Pettit Contracting,+1 501-920-7845,mobile,,,,,,,HVAC
General Contracting Services Inc,+1 501-851-8355,mobile,"5818 Wilkiewicz Rd, North Little Rock, AR 72118",North Little Rock,Arkansas,,,,HVAC
Josh Cook Mechanical Insulation,+1 501-366-1277,mobile,"17809 Finch Ln, Little Rock, AR 72206",Little Rock,Arkansas,5.0,1.0,"https://search.google.com/local/reviews?placeid=ChIJJxrkMoo1qiERn3BZjDmUIgQ&q=hvac+contractor,+72199,+North+Little+Rock,+AR,+US&authuser=0&hl=en&gl=US",HVAC
Air Solutions Inc,+1 501-240-5555,mobile,"8 Greenway Dr, Little Rock, AR 72209",Little Rock,Arkansas,5.0,2.0,"https://search.google.com/local/reviews?placeid=ChIJEW_BA6-l0ocRdi0XPCJcHKY&q=hvac+contractor,+72204,+Little+Rock,+AR,+US&authuser=0&hl=en&gl=US",HVAC
Redlich Refrigeration & Appliance,+1 501-223-5764,mobile,"Little Rock, AR 72211",Little Rock,Arkansas,4.0,8.0,"https://search.google.com/local/reviews?placeid=ChIJq6qqqtam0ocRQi39XiVOYbo&q=hvac+contractor,+72211,+Little+Rock,+AR,+US&authuser=0&hl=en&gl=US",HVAC
"Manning's HVAC & Repairs, LLC",+1 901-500-3282,mobile,,,,5.0,6.0,"https://search.google.com/local/reviews?placeid=ChIJSchrH2F91YcR6mlleeGHamI&q=hvac+contractor,+72303,+West+Memphis,+AR,+US&authuser=0&hl=en&gl=US",HVAC
Ambient A/C Heating & Refrigeration LLC,+1 901-282-2222,mobile,,,,5.0,16.0,"https://search.google.com/local/reviews?placeid=ChIJhcwJyxnyxiER87SdV3v207w&q=hvac+contractor,+72303,+West+Memphis,+AR,+US&authuser=0&hl=en&gl=US",HVAC
A & J Heating & Air Conditioning,+1 870-281-7034,mobile,"2317 W Mchaney Dr, Blytheville, AR 72315",Blytheville,Arkansas,2.5,13.0,"https://search.google.com/local/reviews?placeid=ChIJA9V8l1areIgRlhCHL1KdTBA&q=hvac+contractor,+72310,+Armorel,+AR,+US&authuser=0&hl=en&gl=US",HVAC
LMV Heat & Air,+1 870-955-4617,mobile,,,,5.0,6.0,"https://search.google.com/local/reviews?placeid=ChIJUQ1v7T0C86oR3gz0JLXxC00&q=hvac+contractor,+72310,+Armorel,+AR,+US&authuser=0&hl=en&gl=US",HVAC
Davis heating & AC Co,+1 870-278-3267,mobile,"2966 Blossom Blvd, Blytheville, AR 72315",Blytheville,Arkansas,3.0,2.0,"https://search.google.com/local/reviews?placeid=ChIJS0UKovUYCqERUjrngA9Y8io&q=hvac+contractor,+72310,+Armorel,+AR,+US&authuser=0&hl=en&gl=US",HVAC
Sharp's Heating and Air,+1 870-824-6683,mobile,"109 S 5th St, Blytheville, AR 72315",Blytheville,Arkansas,,,,HVAC
B & G HEAT AND AIR,+1 870-243-1016,mobile,,,,4.6,9.0,"https://search.google.com/local/reviews?placeid=ChIJuUuHlpfj1YcRH-m4JumdOoQ&q=hvac+contractor,+72310,+Armorel,+AR,+US&authuser=0&hl=en&gl=US",HVAC
Redline Heating & Cooling,+1 870-650-0202,mobile,"136 Ozark Ave N, Trumann, AR 72472",Trumann,Arkansas,5.0,3.0,"https://search.google.com/local/reviews?placeid=ChIJvUenIsPP1YcRWDZ7y7TaVPM&q=hvac+contractor,+72324,+Cherry+Valley,+AR,+US&authuser=0&hl=en&gl=US",HVAC
Montique's HVAC Services,+1 901-406-0944,mobile,,,,,,,HVAC
"Wise Choice Air , Heat & Appliances Services",+1 901-210-5850,mobile,,,,4.9,229.0,"https://search.google.com/local/reviews?placeid=ChIJp4bYc-qDf4gRieASdqTyJLA&q=hvac+contractor,+72325,+Clarkedale,+AR,+US&authuser=0&hl=en&gl=US",HVAC
McKay's Heating & Air,+1 870-476-9026,mobile,"4906 Finch Rd, Paragould, AR 72450",Paragould,Arkansas,5.0,6.0,"https://search.google.com/local/reviews?placeid=ChIJv3STGAxvHG8RNsXn78NaIUA&q=hvac+contractor,+72326,+Colt,+AR,+US&authuser=0&hl=en&gl=US",HVAC
Premium Heating & Cooling Llc,+1 870-926-4259,mobile,"5001 Lamb Ln, Jonesboro, AR 72404",Jonesboro,Arkansas,5.0,3.0,"https://search.google.com/local/reviews?placeid=ChIJd4FIVIAu1IcRTO2vdo0SxUY&q=hvac+contractor,+72326,+Colt,+AR,+US&authuser=0&hl=en&gl=US",HVAC
Adams Heat and Air LLC,+1 870-243-0482,mobile,"29197 Cash Rd, Trumann, AR 72472",Trumann,Arkansas,4.6,9.0,"https://search.google.com/local/reviews?placeid=ChIJbxgHOlbP1YcR3ycT8yqNuaw&q=hvac+contractor,+72326,+Colt,+AR,+US&authuser=0&hl=en&gl=US",HVAC
Raptor General Contractors,+1 870-945-2884,mobile,,,,,,,HVAC
Northeast Arkansas Heating & Cooling,+1 870-212-1964,mobile,,,,,,,HVAC
Humes Heat & Air,+1 870-679-1501,mobile,"116 E Main St, Walnut Ridge, AR 72476",Walnut Ridge,Arkansas,3.9,15.0,"https://search.google.com/local/reviews?placeid=ChIJs7NGrjmj1ocRvGJv7FxP08I&q=hvac+contractor,+72470,+Success,+AR,+US&authuser=0&hl=en&gl=US",HVAC
Mid-South Heat & Air,+1 870-450-0777,mobile,"6801 W Kingshighway, Paragould, AR 72450",Paragould,Arkansas,4.9,45.0,"https://search.google.com/local/reviews?placeid=ChIJB-SmCwN91ocRDZkEqljH12c&q=hvac+contractor,+72470,+Success,+AR,+US&authuser=0&hl=en&gl=US",HVAC
Barkers Heating & Air,+1 870-323-0556,mobile,,,,,,,HVAC
All In One Services,+1 870-810-7688,mobile,"613 W Marr St, Pocahontas, AR 72455",Pocahontas,Arkansas,4.6,9.0,"https://search.google.com/local/reviews?placeid=ChIJjy8EKfM7X6cRjVVNorsmQT0&q=hvac+contractor,+72471,+Swifton,+AR,+US&authuser=0&hl=en&gl=US",HVAC
AVS Heating & Air,+1 870-271-9936,mobile,"173 Co Rd 408, Jonesboro, AR 72404",Jonesboro,Arkansas,4.5,8.0,"https://search.google.com/local/reviews?placeid=ChIJ5xBiIaYv1IcRjBQ4d8PjiAk&q=hvac+contractor,+72471,+Swifton,+AR,+US&authuser=0&hl=en&gl=US",HVAC
Alexander's Heating & Cooling,+1 870-351-1634,mobile,"5012 Rockport Dr, Jonesboro, AR 72404",Jonesboro,Arkansas,5.0,10.0,"https://search.google.com/local/reviews?placeid=ChIJZwUjJF8v1IcRa7WXEKCW9Xg&q=hvac+contractor,+72471,+Swifton,+AR,+US&authuser=0&hl=en&gl=US",HVAC
Andy White Heat & Air,+1 870-340-5881,mobile,"3709 Oakcrest Dr, Jonesboro, AR 72405",Jonesboro,Arkansas,3.7,3.0,"https://search.google.com/local/reviews?placeid=ChIJtzF8h0Qq1IcRTqat6YH6a7E&q=hvac+contractor,+72471,+Swifton,+AR,+US&authuser=0&hl=en&gl=US",HVAC
MidSouth Air Conditioning & Refrigeration LLC,+1 870-351-0626,mobile,,,,5.0,2.0,,HVAC
AllWeather Climate Control,+1 870-897-5123,mobile,,,,5.0,10.0,"https://search.google.com/local/reviews?placeid=ChIJ9YNv6A5xMAUR6EFVdbU4Odc&q=hvac+contractor,+72471,+Swifton,+AR,+US&authuser=0&hl=en&gl=US",HVAC
Sharp County Regional Airport,+1 870-710-0469,mobile,"US-412, Cherokee Village, AR 72529",Cherokee Village,Arkansas,4.7,7.0,"https://search.google.com/local/reviews?placeid=ChIJgwkgxtkU0YcRrD7H96jeywE&q=hvac+contractor,+72513,+Ash+Flat,+AR,+US&authuser=0&hl=en&gl=US",HVAC
Walling Electric,+1 501-827-2494,mobile,"1271 AR-230, Cave City, AR 72521",Cave City,Arkansas,5.0,1.0,"https://search.google.com/local/reviews?placeid=ChIJhWESh85Y0YcRlOGrAX-9V7w&q=hvac+contractor,+72521,+Cave+City,+AR,+US&authuser=0&hl=en&gl=US",HVAC
Vickers Construction Co,+1 870-652-3425,mobile,"33209 AR-14, Locust Grove, AR 72550",Locust Grove,Arkansas,,,,HVAC
Lamp HVAC Electric,+1 201-598-1088,mobile,,,,5.0,2.0,"https://search.google.com/local/reviews?placeid=ChIJ1faS-iqLIgwRVBCl2WQZoSA&q=hvac+contractor,+72555,+Marcella,+AR,+US&authuser=0&hl=en&gl=US",HVAC
Dusty's Heating & Air Conditioning Service,+1 870-904-3275,mobile,"360 State Line Rd 48 E, Emerson, AR 71740",Emerson,Arkansas,,,,HVAC
Harper's Plumbing,+1 870-353-4025,mobile,"400 S Front St, Gurdon, AR 71743",Gurdon,Arkansas,5.0,2.0,"https://search.google.com/local/reviews?placeid=ChIJJR6S1DgDM4YRZUTM-gAm8Eo&q=hvac+contractor,+71743,+Gurdon,+AR,+US&authuser=0&hl=en&gl=US",HVAC
Trucks Heating & Air,+1 870-820-1525,mobile,"Warren, AR 71671",Warren,Arkansas,4.8,8.0,"https://search.google.com/local/reviews?placeid=ChIJizE6z6ekLYYRf07Pd4e4Des&q=hvac+contractor,+71748,+Ivan,+AR,+US&authuser=0&hl=en&gl=US",HVAC
JAMES COOK HEAT AND AIR,+1 870-675-7149,mobile,,,,5.0,2.0,"https://search.google.com/local/reviews?placeid=ChIJraLBnlRbMoYRq5pPqnYGmBk&q=hvac+contractor,+71751,+Louann,+AR,+US&authuser=0&hl=en&gl=US",HVAC
Henry AC & Heating & Appliances,+1 870-562-3920,mobile,"602 Homer, Magnolia, AR 71753",Magnolia,Arkansas,4.1,14.0,"https://search.google.com/local/reviews?placeid=ChIJ3zH503fPM4YRp1i9WgGhLbg&q=hvac+contractor,+71751,+Louann,+AR,+US&authuser=0&hl=en&gl=US",HVAC
Lafferty's Duct Clean Service Co,+1 870-234-3800,mobile,"453 Columbia Rd 43, Magnolia, AR 71753",Magnolia,Arkansas,4.5,8.0,"https://search.google.com/local/reviews?placeid=ChIJibGmM7DIM4YRh0N9j5M4WhE&q=hvac+contractor,+71751,+Louann,+AR,+US&authuser=0&hl=en&gl=US",HVAC
"Jones Heating & Air, LLC.",+1 870-703-5239,mobile,,,,,,,HVAC
Air Pro Services,+1 870-279-3091,mobile,,,,1.6,7.0,"https://search.google.com/local/reviews?placeid=ChIJA_j6l8ZrNIYRtdEBuj2LGtA&q=hvac+contractor,+71840,+Genoa,+AR,+US&authuser=0&hl=en&gl=US",HVAC
Sheffield Service Company LLC.,+1 903-826-2751,mobile,,,,,,,HVAC
The Supply Asylum,+1 479-806-0197,mobile,"604 Fort St, Barling, AR 72923",Barling,Arkansas,5.0,2.0,"https://search.google.com/local/reviews?placeid=ChIJUxNsbSqxy4cRGQcO1BeZZHQ&q=hvac+contractor,+71841,+Gillham,+AR,+US&authuser=0&hl=en&gl=US",HVAC
North Arkansas RV (mobile repair),+1 870-421-9610,mobile,,,,4.9,42.0,"https://search.google.com/local/reviews?placeid=ChIJRYYRSFXZ0YcRL7de2XGDyhk&q=hvac+contractor,+72654,+Mountain+Home,+AR,+US&authuser=0&hl=en&gl=US",HVAC
Sinncet LLC,+1 870-656-5559,mobile,"2235 Co Rd 25, Mountain Home, AR 72653",Mountain Home,Arkansas,5.0,4.0,"https://search.google.com/local/reviews?placeid=ChIJebrEvTfZ0YcRBDUf61LlmDs&q=hvac+contractor,+72654,+Mountain+Home,+AR,+US&authuser=0&hl=en&gl=US",HVAC
Easterly Heating and Cooling,+1 417-251-0005,mobile,"2947 State Hwy H, Forsyth, MO 65653",Forsyth,Missouri,5.0,24.0,"https://search.google.com/local/reviews?placeid=ChIJly8fm8IJz4cRqK1aW7NMYto&q=hvac+contractor,+72662,+Omaha,+AR,+US&authuser=0&hl=en&gl=US",HVAC
Lynx Mechanical LLC,+1 210-508-7508,mobile,"7001-7581, AR-235, St Joe, AR 72675",St Joe,AR,1.0,1.0,"https://search.google.com/local/reviews?placeid=ChIJ391vn6AVzocRpOJrHwpTzFg&q=hvac+contractor,+72675,+Saint+Joe,+AR,+US&authuser=0&hl=en&gl=US",HVAC
HDI Plumbing Contractors,+1 479-466-6920,mobile,"2169 Leeper Dr, Fayetteville, AR 72701",Fayetteville,Arkansas,5.0,5.0,"https://search.google.com/local/reviews?placeid=ChIJqcDb0LtuyYcRxzM9t8y_CMI&q=hvac+contractor,+72701,+Fayetteville,+AR,+US&authuser=0&hl=en&gl=US",HVAC
Airconditioning Repair Service,+1 479-531-5148,mobile,,,,5.0,1.0,,HVAC
Small's Heating and Cooling,+1 479-325-9469,mobile,,,,5.0,3.0,"https://search.google.com/local/reviews?placeid=ChIJUe95J0OzzocRCMSQm8_-IRM&q=hvac+contractor,+72721,+Combs,+AR,+US&authuser=0&hl=en&gl=US",HVAC
All-in-One Plumbing & Heating,+1 479-644-9011,mobile,,,,5.0,17.0,,HVAC
Ray's Heating And Cooling,+1 870-995-1543,mobile,"436 Phillips Rd 273, Lexa, AR 72355",Lexa,Arkansas,,,,HVAC
Ayres Conditioning LLC,+1 941-524-2924,mobile,"2970 Cartwright Ln, North Port, FL 34286",North Port,Florida,5.0,13.0,"https://search.google.com/local/reviews?placeid=ChIJf-T9R_er3IgRsM3z7YmHfCg&q=hvac+contractor,+72333,+Elaine,+AR,+US&authuser=0&hl=en&gl=US",HVAC
Amos Electric Heating & Air,+1 870-572-6571,mobile,"West Helena, AR 72390",West Helena,Arkansas,5.0,3.0,"https://search.google.com/local/reviews?placeid=ChIJVVVVVYXU1IcRDM_myz7r55A&q=hvac+contractor,+72342,+Helena,+AR,+US&authuser=0&hl=en&gl=US",HVAC
Cooper’s Heat and Air,+1 870-410-0526,mobile,"3711 W Co Rd 1052, Joiner, AR 72350",Joiner,Arkansas,,,,HVAC
M.C.Plumbing Solutions,+1 870-317-1725,mobile,,,,3.3,3.0,"https://search.google.com/local/reviews?placeid=ChIJDe2lPGPb1IcR1JJOWwi-L0g&q=hvac+contractor,+72360,+Marianna,+AR,+US&authuser=0&hl=en&gl=US",HVAC
"Bowman and Ridge Heating, Cooling, and Construction",+1 870-919-5108,mobile,,,,,,,HVAC
A.C. Services,+1 870-450-1021,mobile,,,,,,,HVAC
Wilson HVAC,+1 901-827-7179,mobile,,,,,,,HVAC
A-1 Air Conditioning & Refrigeration,+1 870-931-5132,mobile,"216 Hickory St, Jonesboro, AR 72401",Jonesboro,Arkansas,4.1,8.0,"https://search.google.com/local/reviews?placeid=ChIJFzr3NhEp1IcR3yS54Q6-pjs&q=hvac+contractor,+72401,+Jonesboro,+AR,+US&authuser=0&hl=en&gl=US",HVAC
Anderson's Heat & Air,+1 870-664-1967,mobile,,,,4.7,7.0,,HVAC
Duct Masters Heating and Cooling,+1 870-897-4655,mobile,,,,4.9,16.0,"https://search.google.com/local/reviews?placeid=ChIJwQDuNkQp1IcRsO4fVDrpmZc&q=hvac+contractor,+72402,+Jonesboro,+AR,+US&authuser=0&hl=en&gl=US",HVAC
AirPlus Heating & Cooling,+1 870-203-0446,mobile,,,,5.0,1.0,"https://search.google.com/local/reviews?placeid=ChIJs7AAYjsp1IcR2BoE_XvVXQI&q=hvac+contractor,+72402,+Jonesboro,+AR,+US&authuser=0&hl=en&gl=US",HVAC
Clement Service LLC Heating & AC,+1 870-489-1959,mobile,"Pine Bluff, AR 71603",Pine Bluff,Arkansas,4.4,7.0,"https://search.google.com/local/reviews?placeid=ChIJa-FxKV87LYYRBhHf_kZLYEw&q=hvac+contractor,+71601,+Pine+Bluff,+AR,+US&authuser=0&hl=en&gl=US",HVAC
All Service Heating & Air,+1 870-718-1525,mobile,,,,5.0,7.0,,HVAC
Maid to order,+1 870-952-9462,mobile,"103 Bradley 9 Rd, Banks, AR 71631",Banks,Arkansas,,,,HVAC
DMK Plumbing & Electrical,+1 870-265-5875,mobile,"1114 US-82, Lake Village, AR 71653",Lake Village,Arkansas,5.0,4.0,"https://search.google.com/local/reviews?placeid=ChIJr9_ClVAJLIYRdlDyvHZv_dY&q=hvac+contractor,+71653,+Lake+Village,+AR,+US&authuser=0&hl=en&gl=US",HVAC
Lee's Heating And Air Of Monticello LLC.,+1 870-723-6527,mobile,"1210 US-278, Monticello, AR 71655",Monticello,Arkansas,3.7,6.0,"https://search.google.com/local/reviews?placeid=ChIJP4YNBG5TLIYRiCE_A7NrQT0&q=hvac+contractor,+71655,+Monticello,+AR,+US&authuser=0&hl=en&gl=US",HVAC
Wolfe Heating And Air,+1 870-820-1339,mobile,"148 Bradley 341 Rd, Warren, AR 71671",Warren,Arkansas,5.0,5.0,"https://search.google.com/local/reviews?placeid=ChIJyxBBRj2jLYYRuRdcckrgLDY&q=hvac+contractor,+71671,+Warren,+AR,+US&authuser=0&hl=en&gl=US",HVAC
Pamplin services,+1 870-820-5300,mobile,"1802 W Pine St, Warren, AR 71671",Warren,Arkansas,5.0,2.0,"https://search.google.com/local/reviews?placeid=ChIJt2CWiD6jLYYRMlcJZFlpdOo&q=hvac+contractor,+71671,+Warren,+AR,+US&authuser=0&hl=en&gl=US",HVAC
Camden Electric Service Inc - Complete Electrical Solutions,+1 870-944-1168,mobile,"1015 N West Ave #354, El Dorado, AR 71730",El Dorado,Arkansas,1.0,1.0,"https://search.google.com/local/reviews?placeid=ChIJVfaTBXsaMoYRVFRMNkcDGGc&q=hvac+contractor,+71724,+Calion,+AR,+US&authuser=0&hl=en&gl=US",HVAC
Gretel Air & Electric,+1 501-554-9920,mobile,"14015 Childress Rd, Bauxite, AR 72011",Bauxite,Arkansas,,,,HVAC
Cliftons Heating and Air,+1 501-786-4247,mobile,"# 3 Beaver Rd, Conway, AR 72032",Conway,AR,3.8,79.0,"https://search.google.com/local/reviews?placeid=ChIJV9nlDk6D0ocRRwPMG-92bjM&q=hvac+contractor,+72030,+Cleveland,+AR,+US&authuser=0&hl=en&gl=US",HVAC
Commercial Construction Contractors of Arkansas,+1 501-779-8149,mobile,"911 Chestnut St, Conway, AR 72032",Conway,Arkansas,,,,HVAC
Affordable Electrician LLC,+1 479-453-0692,mobile,,,,3.0,2.0,,HVAC
Thornburg's Heat and air,+1 479-651-0207,mobile,"8926 S 30th St, Fort Smith, AR 72908",Fort Smith,Arkansas,1.5,2.0,"https://search.google.com/local/reviews?placeid=ChIJg7aZmH5TyocRqp9l8uiFwmg&q=hvac+contractor,+72904,+Fort+Smith,+AR,+US&authuser=0&hl=en&gl=US",HVAC
Medlin Construction,+1 479-353-4904,mobile,,,,5.0,3.0,"https://search.google.com/local/reviews?placeid=ChIJQ8x1nECXYgsRaXW9Sizrbag&q=hvac+contractor,+72904,+Fort+Smith,+AR,+US&authuser=0&hl=en&gl=US",HVAC
Winters Plumbing,+1 479-739-0345,mobile,"Fort Smith, AR 72901",Fort Smith,Arkansas,5.0,3.0,"https://search.google.com/local/reviews?placeid=ChIJ_____9tMyocRqyPBQsin3K0&q=hvac+contractor,+72904,+Fort+Smith,+AR,+US&authuser=0&hl=en&gl=US",HVAC
Freeman Heat & Air LLC,+1 479-285-9048,mobile,,,,5.0,20.0,,HVAC
Bentley Heating and Air,+1 479-652-0383,mobile,,,,4.7,13.0,"https://search.google.com/local/reviews?placeid=ChIJU3cT3ZevOywRJEp9qrHmRW4&q=hvac+contractor,+72914,+Fort+Smith,+AR,+US&authuser=0&hl=en&gl=US",HVAC
4 Elements HVAC,+1 479-806-7425,mobile,"205 S Gunther St, Greenwood, AR 72936",Greenwood,Arkansas,5.0,1.0,"https://search.google.com/local/reviews?placeid=ChIJX8oTEVKpy4cREhW4Zrp2eX0&q=hvac+contractor,+72914,+Fort+Smith,+AR,+US&authuser=0&hl=en&gl=US",HVAC
Webb heating and air llc,+1 417-342-0508,mobile,,,,,,,HVAC
Sisney HVACR,+1 479-209-7483,mobile,"2001 Gordon Dr, Ozark, AR 72949",Ozark,Arkansas,3.0,12.0,"https://search.google.com/local/reviews?placeid=ChIJR11zVLb1y4cRzqGpKUwvI3A&q=hvac+contractor,+72933,+Charleston,+AR,+US&authuser=0&hl=en&gl=US",HVAC
"Garrett Plumbing, Heating & Air Conditioning LLC",+1 479-252-0561,mobile,,,,,,,HVAC
E&A Pro-Techs Heating & Air LLC,+1 870-378-7411,mobile,,,,5.0,3.0,,HVAC
Allstate Air,+1 870-919-4787,mobile,"1604 Rosemond Ave, Jonesboro, AR 72401",Jonesboro,Arkansas,5.0,1.0,"https://search.google.com/local/reviews?placeid=ChIJoVs77zIv1IcRqpWGQFjo4T0&q=hvac+contractor,+72412,+Beech+Grove,+AR,+US&authuser=0&hl=en&gl=US",HVAC
Lynn Heat & Air Co. Llc,+1 870-761-1860,mobile,,,,5.0,6.0,"https://search.google.com/local/reviews?placeid=ChIJgXKpir8y1IcRAPnrYI2TGxg&q=hvac+contractor,+72416,+Bono,+AR,+US&authuser=0&hl=en&gl=US",HVAC
A & L Enterprises,+1 870-423-9494,mobile,,,,,,,HVAC
S&S Plumbing Hvac LLC.,+1 731-671-5439,mobile,"14954 TN-87 West, Henning, TN 38041",Henning,Tennessee,4.6,30.0,"https://search.google.com/local/reviews?placeid=ChIJU-Ny-85Df4gRnT39qp8bp8o&q=hvac+contractor,+72426,+Dell,+AR,+US&authuser=0&hl=en&gl=US",HVAC
McDougal HVAC Services,+1 662-417-4758,mobile,,,,5.0,4.0,"https://search.google.com/local/reviews?placeid=ChIJydxVMPTXz2ARNesqckI5njk&q=hvac+contractor,+72441,+Mc+Dougal,+AR,+US&authuser=0&hl=en&gl=US",HVAC
B&T Heating and Cooling,+1 573-413-7064,mobile,,,,5.0,5.0,"https://search.google.com/local/reviews?placeid=ChIJQ_sH5sU11ocRTLUmPVK_2vk&q=hvac+contractor,+72464,+Saint+Francis,+AR,+US&authuser=0&hl=en&gl=US",HVAC
Sullivan Services,+1 870-316-3776,mobile,"1007 S Gee St, Jonesboro, AR 72401",Jonesboro,Arkansas,,,,HVAC
Workhorse Plumbing,+1 870-844-0175,mobile,"650 S Main St, Strawberry, AR 72469",Strawberry,Arkansas,3.3,3.0,"https://search.google.com/local/reviews?placeid=ChIJ3z7lV_BW0YcRonmFlkE1SCI&q=hvac+contractor,+72469,+Strawberry,+AR,+US&authuser=0&hl=en&gl=US",HVAC
Milverton Plumbing,+1 870-844-0523,mobile,"389 N Main St, Strawberry, AR 72469",Strawberry,Arkansas,5.0,1.0,"https://search.google.com/local/reviews?placeid=ChIJq99fieBW0YcRMO9dP-NJRkA&q=hvac+contractor,+72469,+Strawberry,+AR,+US&authuser=0&hl=en&gl=US",HVAC
