name,phone,carrier_type,city,state,latitude,longitude,reviews,rating,reviews_link,email_1,facebook,place_id,logo,working_hours,site,photos_count,created_at,site_status
Braden Plumbing,+1 501-351-3070,mobile,,,34.75201560,-92.12942800,,,,bradenplumbing@yahoo.com,https://www.facebook.com/bradenplumbing/,ChIJcxsF_XWo0ocRJxy0U-ju6qk,https://lh6.googleusercontent.com/-nMtSbKx63Ko/AAAAAAAAAAI/AAAAAAAAAAA/qubq73YDMOM/s44-p-k-no-ns-nd/photo.jpg,"Monday: 7AM-6PM, Tuesday: 7AM-6PM, Wednesday: 7AM-6PM, Thursday: 7AM-6PM, Friday: 7AM-6PM, Saturday: 7AM-6PM, Sunday: 7AM-6PM",http://www.bradenplumbing.net/,5,Fri Jun 20 2025 11:06:10 GMT+0000 (Coordinated Universal Time),Down (429)
"Johnson, Gaylan Plumbing Service Inc.",+1 501-413-7374,mobile,Little Rock,Arkansas,34.70840860,-92.38130420,,,,service@plumbingnwa.com,https://www.facebook.com/nwaplumbing/,ChIJ756Jniqk0ocRQPKD4rcOgCI,https://lh5.googleusercontent.com/-RGeqr9dXcBI/AAAAAAAAAAI/AAAAAAAAAAA/Q-5Z33lIp0U/s44-p-k-no-ns-nd/photo.jpg,"Monday: 7AM-4:30PM, Tuesday: 7AM-4:30PM, Wednesday: 7AM-4:30PM, Thursday: 7AM-4:30PM, Friday: 7AM-4:30PM, Saturday: Closed, Sunday: Closed",,1,Fri Jun 20 2025 11:06:07 GMT+0000 (Coordinated Universal Time),No Website
All Drains,+1 501-413-4548,mobile,Little Rock,Arkansas,34.71794370,-92.37149010,,,,,,ChIJAQAAADCk0ocRNTPuiEzlhaE,,,,1,Fri Jun 20 2025 11:06:07 GMT+0000 (Coordinated Universal Time),No Website
Addison's Best Hydro Jetting & Plumber,+1 469-703-8531,mobile,Little Rock,Arkansas,34.74816060,-92.27554860,,,,,,ChIJixADg2O70ocRSCLZfEhAg50,,"Monday: 8AM-6PM, Tuesday: 8AM-6PM, Wednesday: 8AM-6PM, Thursday: 8AM-6PM, Friday: 8AM-6PM, Saturday: 8AM-6PM, Sunday: 8AM-6PM",,1,Fri Jun 20 2025 11:06:04 GMT+0000 (Coordinated Universal Time),No Website
L & L Pro Plumbing,+1 501-708-8118,mobile,,,34.75152900,-92.30988050,,,,,,ChIJ6x6lOZ2j0ocRNvc4Lmx79aA,https://lh4.googleusercontent.com/-JiYNSrly73M/AAAAAAAAAAI/AAAAAAAAAAA/6c674XIVeZM/s44-p-k-no-ns-nd/photo.jpg,"Monday: 9AM-4PM, Tuesday: 9AM-4PM, Wednesday: 9AM-4PM, Thursday: 9AM-4PM, Friday: 9AM-1PM, Saturday: Closed, Sunday: Closed",,,Fri Jun 20 2025 11:06:03 GMT+0000 (Coordinated Universal Time),No Website
Conley Plumbing,+1 501-590-2904,mobile,,,34.84029190,-92.31365510,,,,,,ChIJDX-JbXNbzYcRk2n6pq9yqdk,https://lh5.googleusercontent.com/-YDGqNy9kQ0I/AAAAAAAAAAI/AAAAAAAAAAA/HJID-6WhM60/s44-p-k-no-ns-nd/photo.jpg,"Monday: 7:30AM-4:30PM, Tuesday: 7:30AM-5PM, Wednesday: 7:30AM-4:30PM, Thursday: 7:30AM-5PM, Friday: 7:30AM-3PM, Saturday: Closed, Sunday: Closed",https://conleyplumbingar.com/,,Fri Jun 20 2025 11:06:10 GMT+0000 (Coordinated Universal Time),Up
Sam's Plumbing,+1 501-412-1315,mobile,,,34.88119750,-91.93945750,,,,,,ChIJp_78KhSt0ocRik-_L2Ly2gs,https://lh4.googleusercontent.com/-C0Gb29Rim1k/AAAAAAAAAAI/AAAAAAAAAAA/YMf33oK5UFE/s44-p-k-no-ns-nd/photo.jpg,"Monday: 7AM-6PM, Tuesday: 7AM-6PM, Wednesday: 7AM-6PM, Thursday: 7AM-6PM, Friday: 7AM-6PM, Saturday: 7AM-6PM, Sunday: Closed",,,Fri Jun 20 2025 11:06:08 GMT+0000 (Coordinated Universal Time),No Website
Chuck's Plumbing,+1 501-520-1252,mobile,Little Rock,Arkansas,34.69665090,-92.46876770,,,,,,ChIJifn44XpYzYcRWeKVooKaDZg,https://lh4.googleusercontent.com/-CvEkNEDqg_k/AAAAAAAAAAI/AAAAAAAAAAA/f2hspN-uEOY/s44-p-k-no-ns-nd/photo.jpg,"Monday: 8AM-6PM, Tuesday: 8AM-6PM, Wednesday: 8AM-6PM, Thursday: 8AM-6PM, Friday: 8AM-6PM, Saturday: 8AM-6PM, Sunday: 8AM-6PM",,1,Fri Jun 20 2025 11:06:10 GMT+0000 (Coordinated Universal Time),No Website
Good Times Plumbing,+1 501-286-3539,mobile,,,34.97387600,-92.15746560,103,5.00,"https://search.google.com/local/reviews?placeid=ChIJN6obUh3g6wcR1m5k-pf59Oo&q=plumber,+72216,+Little+Rock,+AR,+US&authuser=0&hl=en&gl=US",goodtimesplumbing@gmail.com,,ChIJN6obUh3g6wcR1m5k-pf59Oo,https://lh4.googleusercontent.com/-0WZ66DI8OOo/AAAAAAAAAAI/AAAAAAAAAAA/5yxgxPEzUX4/s44-p-k-no-ns-nd/photo.jpg,"Monday: 8AM-5PM, Tuesday: 8AM-5PM, Wednesday: 8AM-5PM, Thursday: 8AM-5PM, Friday: 8AM-5PM, Saturday: Closed, Sunday: Closed",http://goodtimesplumbing.com/,11,Fri Jun 20 2025 11:06:11 GMT+0000 (Coordinated Universal Time),Down (403)
AMG Plumbing,+1 501-707-5140,mobile,Little Rock,Arkansas,34.76582820,-92.40086730,90,5.00,"https://search.google.com/local/reviews?placeid=ChIJZzZfvt_GVEAR6vQ7Gxqjhao&q=plumber,+72202,+Little+Rock,+AR,+US&authuser=0&hl=en&gl=US",amgplumbingar@gmail.com,,ChIJZzZfvt_GVEAR6vQ7Gxqjhao,https://lh4.googleusercontent.com/-TYRWsKLj1KU/AAAAAAAAAAI/AAAAAAAAAAA/5zo33-gzV68/s44-p-k-no-ns-nd/photo.jpg,"Monday: 7AM-5PM, Tuesday: 7AM-5PM, Wednesday: 7AM-5PM, Thursday: 7AM-5PM, Friday: 7AM-5PM, Saturday: Closed, Sunday: Closed",http://www.amgplumbingark.com/,201,Fri Jun 20 2025 11:06:04 GMT+0000 (Coordinated Universal Time),Up
L & L Services LLC,+1 870-543-9915,mobile,,,39.49974450,-99.47285310,64,5.00,"https://search.google.com/local/reviews?placeid=ChIJeThiDAmVcm8RTSCI4_uR0h8&q=plumber,+72206,+Little+Rock,+AR,+US&authuser=0&hl=en&gl=US",,,ChIJeThiDAmVcm8RTSCI4_uR0h8,https://lh4.googleusercontent.com/-LyuXXNYonhc/AAAAAAAAAAI/AAAAAAAAAAA/YC112zCq4rU/s44-p-k-no-ns-nd/photo.jpg,"Monday: 8AM-5PM, Tuesday: 8AM-5PM, Wednesday: 8AM-5PM, Thursday: 8AM-5PM, Friday: 8AM-12AM, Saturday: Closed, Sunday: Closed",https://www.facebook.com/profile.php?id=61558237760605,18,Fri Jun 20 2025 11:06:08 GMT+0000 (Coordinated Universal Time),Up
Stiefvater Plumbing,+1 501-733-2752,mobile,,,35.09996150,-92.37295800,40,5.00,"https://search.google.com/local/reviews?placeid=ChIJAVxlmpPVM0URKiByu-z7jcg&q=plumber,+72212,+Little+Rock,+AR,+US&authuser=0&hl=en&gl=US",info@stiefvaterplumbing.com,,ChIJAVxlmpPVM0URKiByu-z7jcg,https://lh3.googleusercontent.com/-titH9erBVc4/AAAAAAAAAAI/AAAAAAAAAAA/bwx6RDS-8q4/s44-p-k-no-ns-nd/photo.jpg,"Monday: 8AM-5PM, Tuesday: 8AM-5PM, Wednesday: 8AM-5PM, Thursday: 8AM-5PM, Friday: 8AM-5PM, Saturday: Closed, Sunday: Closed",https://stiefvaterplumbing.com/,40,Fri Jun 20 2025 11:06:11 GMT+0000 (Coordinated Universal Time),Up
"Davis Plumbing Solutions, LLC",+1 501-388-8920,mobile,Mayflower,Arkansas,34.95513680,-92.49030820,37,5.00,"https://search.google.com/local/reviews?placeid=ChIJQzBXTQKZ0ocRdpCAHOEm2sQ&q=plumber,+72207,+Little+Rock,+AR,+US&authuser=0&hl=en&gl=US",davisplumbingsolutions@gmail.com,,ChIJQzBXTQKZ0ocRdpCAHOEm2sQ,https://lh5.googleusercontent.com/-nk4mt0Vyh6g/AAAAAAAAAAI/AAAAAAAAAAA/Ou-n9lN3ZIQ/s44-p-k-no-ns-nd/photo.jpg,"Monday: Open 24 hours, Tuesday: Open 24 hours, Wednesday: Open 24 hours, Thursday: Open 24 hours, Friday: Open 24 hours, Saturday: Open 24 hours, Sunday: Open 24 hours",http://www.davisplumbingsolutions.net/,26,Fri Jun 20 2025 11:06:10 GMT+0000 (Coordinated Universal Time),Up
"Just in Time Plumbing, LLC",,,,,34.88606740,-92.23250790,32,5.00,"https://search.google.com/local/reviews?placeid=ChIJezK06zZK4m0RfeaWrRtTJMk&q=plumber,+72201,+Little+Rock,+AR,+US&authuser=0&hl=en&gl=US",amandashipman@justintimeplumbingnlr.com,,ChIJezK06zZK4m0RfeaWrRtTJMk,https://lh4.googleusercontent.com/-JJwRryKj7kA/AAAAAAAAAAI/AAAAAAAAAAA/A0OD24IfWLM/s44-p-k-no-ns-nd/photo.jpg,"Monday: Open 24 hours, Tuesday: Open 24 hours, Wednesday: Open 24 hours, Thursday: Open 24 hours, Friday: Open 24 hours, Saturday: Open 24 hours, Sunday: Open 24 hours",https://www.justintimeplumbingnlr.com/,30,Fri Jun 20 2025 11:06:02 GMT+0000 (Coordinated Universal Time),Up
Mitchell Plumbing LLC,+1 501-249-6431,mobile,,,34.78647040,-92.63985400,28,5.00,"https://search.google.com/local/reviews?placeid=ChIJl7ofgQTdEgoR8eCggq-ntqM&q=plumber,+72210,+Little+Rock,+AR,+US&authuser=0&hl=en&gl=US",support@webador.com,https://facebook.com/Jarrodmitchell,ChIJl7ofgQTdEgoR8eCggq-ntqM,https://lh6.googleusercontent.com/-nFo_1By14hU/AAAAAAAAAAI/AAAAAAAAAAA/TIEUvKom3kE/s44-p-k-no-ns-nd/photo.jpg,"Monday: 7:30AM-5PM, Tuesday: 7:30AM-5PM, Wednesday: 7:30AM-5PM, Thursday: 7:30AM-5PM, Friday: 7:30AM-5PM, Saturday: Closed, Sunday: Closed",http://mitchellplumbingllc.com/,22,Fri Jun 20 2025 11:06:10 GMT+0000 (Coordinated Universal Time),Up
Arkansas Piping Systems,+1 501-254-6236,mobile,,,34.78647040,-92.63985400,27,5.00,"https://search.google.com/local/reviews?placeid=ChIJ4bJ7L1ffskkRxL-JTStNuiQ&q=plumber,+72201,+Little+Rock,+AR,+US&authuser=0&hl=en&gl=US",arkpipes@gmail.com,,ChIJ4bJ7L1ffskkRxL-JTStNuiQ,https://lh4.googleusercontent.com/-mrOl9LNQRGM/AAAAAAAAAAI/AAAAAAAAAAA/46AWOiwBk10/s44-p-k-no-ns-nd/photo.jpg,"Monday: 8AM-4:45PM, Tuesday: 8AM-4:45PM, Wednesday: 8AM-4:45PM, Thursday: 8AM-4:45PM, Friday: 8AM-4:45PM, Saturday: Closed, Sunday: Closed",https://www.arpiping.com/,3,Fri Jun 20 2025 11:06:03 GMT+0000 (Coordinated Universal Time),Down (403)
Keener Plumbing LLC,+1 501-733-9835,mobile,,,34.93974960,-92.37872610,26,5.00,"https://search.google.com/local/reviews?placeid=ChIJUQ4SWrFlzYcRQhBCNoj8u1A&q=plumber,+72212,+Little+Rock,+AR,+US&authuser=0&hl=en&gl=US",,,ChIJUQ4SWrFlzYcRQhBCNoj8u1A,https://lh5.googleusercontent.com/-XENQ29RXYN0/AAAAAAAAAAI/AAAAAAAAAAA/KmbAYe4sWqU/s44-p-k-no-ns-nd/photo.jpg,"Monday: 8AM-5PM, Tuesday: 8AM-5PM, Wednesday: 8AM-5PM, Thursday: 8AM-5PM, Friday: 8AM-5PM, Saturday: Closed, Sunday: Closed",,1,Fri Jun 20 2025 11:06:10 GMT+0000 (Coordinated Universal Time),No Website
Lyle's Plumbing Service,+1 501-606-0799,mobile,,,34.92516760,-92.19412200,19,5.00,"https://search.google.com/local/reviews?placeid=ChIJseiKNhiT0ocRLcGVf_DLzew&q=plumber,+72206,+Little+Rock,+AR,+US&authuser=0&hl=en&gl=US",lylesplumbingservice@gmail.com,https://www.facebook.com/LylesPlumbingService/,ChIJseiKNhiT0ocRLcGVf_DLzew,https://lh6.googleusercontent.com/-6x98pckT_JE/AAAAAAAAAAI/AAAAAAAAAAA/Istr0pVYZa8/s44-p-k-no-ns-nd/photo.jpg,"Monday: 8AM-5PM, Tuesday: 8AM-5PM, Wednesday: 8AM-5PM, Thursday: 8AM-5PM, Friday: 8AM-5PM, Saturday: Closed, Sunday: Closed",,8,Fri Jun 20 2025 11:06:08 GMT+0000 (Coordinated Universal Time),No Website
Arkansas Plumbing Solutions LLC,+1 501-326-3766,mobile,,,34.66706400,-92.61362250,18,5.00,"https://search.google.com/local/reviews?placeid=ChIJt6A8VS9VzYcR9YKYqPDTW3o&q=plumber,+72206,+Little+Rock,+AR,+US&authuser=0&hl=en&gl=US",,,ChIJt6A8VS9VzYcR9YKYqPDTW3o,https://lh3.googleusercontent.com/-3Eot7fx98DQ/AAAAAAAAAAI/AAAAAAAAAAA/Q9U6GCAzBkY/s44-p-k-no-ns-nd/photo.jpg,"Monday: 7AM-5PM, Tuesday: 7AM-5PM, Wednesday: 7AM-5PM, Thursday: 7AM-5PM, Friday: 7AM-5PM, Saturday: Closed, Sunday: Closed",https://arplumbingsolution.wixsite.com/website,5,Fri Jun 20 2025 11:06:08 GMT+0000 (Coordinated Universal Time),Up
Platinum Plumbing LLC,+1 501-413-8335,mobile,Alexander,Arkansas,34.59554840,-92.44333440,13,5.00,"https://search.google.com/local/reviews?placeid=ChIJ8TiMOFfZ_CIRe8TErgxdZZA&q=plumber,+72206,+Little+Rock,+AR,+US&authuser=0&hl=en&gl=US",,,ChIJ8TiMOFfZ_CIRe8TErgxdZZA,https://lh4.googleusercontent.com/-2e_taIsY7WE/AAAAAAAAAAI/AAAAAAAAAAA/a8zdsB-31BM/s44-p-k-no-ns-nd/photo.jpg,,http://platinumplumbingar.com/,2,Fri Jun 20 2025 11:06:10 GMT+0000 (Coordinated Universal Time),Up
AR Tankless,+1 501-681-5384,mobile,,,34.88966700,-92.35406150,10,5.00,"https://search.google.com/local/reviews?placeid=ChIJuxxzf5BWJUgRLT_5J_-UXo8&q=plumber,+72201,+Little+Rock,+AR,+US&authuser=0&hl=en&gl=US",artankless@gmail.com,,ChIJuxxzf5BWJUgRLT_5J_-UXo8,https://lh6.googleusercontent.com/-6Fcs6t3eORg/AAAAAAAAAAI/AAAAAAAAAAA/aVRHUxbHWDI/s44-p-k-no-ns-nd/photo.jpg,"Monday: 8AM-5PM, Tuesday: 8AM-5PM, Wednesday: 8AM-5PM, Thursday: 8AM-5PM, Friday: 8AM-5PM, Saturday: 9AM-12PM, Sunday: Closed",https://www.artankless.com/,19,Fri Jun 20 2025 11:06:02 GMT+0000 (Coordinated Universal Time),Up
Francis Dwyer Plumbing,+1 501-514-4390,mobile,,,34.67495710,-92.36269100,3,5.00,,,,ChIJP_Gpjqel0ocRTwh_HPfhboM,https://lh3.googleusercontent.com/-5lFcU7iWu8g/AAAAAAAAAAI/AAAAAAAAAAA/JHgLnLnlqis/s44-p-k-no-ns-nd/photo.jpg,"Monday: Open 24 hours, Tuesday: Open 24 hours, Wednesday: Open 24 hours, Thursday: Open 24 hours, Friday: Open 24 hours, Saturday: Open 24 hours, Sunday: Open 24 hours",,,Fri Jun 20 2025 11:06:03 GMT+0000 (Coordinated Universal Time),No Website
Mr. Plumber,+1 501-516-6572,mobile,,,34.84801340,-92.39496650,3,5.00,"https://search.google.com/local/reviews?placeid=ChIJG2HXqgcmfUMRFvdevUA8CxM&q=plumber,+72202,+Little+Rock,+AR,+US&authuser=0&hl=en&gl=US",mrplumbernyc@gmail.com,https://www.facebook.com/mrplumberincnynj/,ChIJG2HXqgcmfUMRFvdevUA8CxM,https://lh4.googleusercontent.com/-XPwCUJP9SXY/AAAAAAAAAAI/AAAAAAAAAAA/sWk51pCzDo8/s44-p-k-no-ns-nd/photo.jpg,"Monday: Open 24 hours, Tuesday: Open 24 hours, Wednesday: Open 24 hours, Thursday: Open 24 hours, Friday: Open 24 hours, Saturday: Open 24 hours, Sunday: Open 24 hours",,23,Fri Jun 20 2025 11:06:04 GMT+0000 (Coordinated Universal Time),No Website
Begley's Plumbing,+1 501-960-8057,mobile,Little Rock,Arkansas,34.71464290,-92.36481290,3,5.00,"https://search.google.com/local/reviews?placeid=ChIJj-Ng5Tak0ocRvb1kJoGzkIU&q=plumber,+72204,+Little+Rock,+AR,+US&authuser=0&hl=en&gl=US",,,ChIJj-Ng5Tak0ocRvb1kJoGzkIU,,,,1,Fri Jun 20 2025 11:06:08 GMT+0000 (Coordinated Universal Time),No Website
Noble Industrial Services LLC.,+1 501-650-2802,mobile,North Little Rock,Arkansas,34.80893440,-92.29879890,2,5.00,"https://search.google.com/local/reviews?placeid=ChIJXwfUmAS90ocRZLDHv8CKtrQ&q=plumber,+72206,+Little+Rock,+AR,+US&authuser=0&hl=en&gl=US",,,ChIJXwfUmAS90ocRZLDHv8CKtrQ,https://lh4.googleusercontent.com/-yENI7JuNkrs/AAAAAAAAAAI/AAAAAAAAAAA/lXVMl8tyazQ/s44-p-k-no-ns-nd/photo.jpg,"Monday: Open 24 hours, Tuesday: Open 24 hours, Wednesday: Open 24 hours, Thursday: Open 24 hours, Friday: Open 24 hours, Saturday: Open 24 hours, Sunday: Open 24 hours",,3,Fri Jun 20 2025 11:06:08 GMT+0000 (Coordinated Universal Time),No Website
Sam's Plumbing,+1 501-412-1315,mobile,,,35.22843650,-91.76765850,1,5.00,,,https://www.facebook.com/people/Sams-Plumbing/100054000386433/,ChIJRakk59i10ocRdWtwJTecDow,https://lh5.googleusercontent.com/-DmP_S4M9utg/AAAAAAAAAAI/AAAAAAAAAAA/GEyT1ygMO9o/s44-p-k-no-ns-nd/photo.jpg,"Monday: Open 24 hours, Tuesday: Open 24 hours, Wednesday: Open 24 hours, Thursday: Open 24 hours, Friday: Open 24 hours, Saturday: Open 24 hours, Sunday: Open 24 hours",https://www.facebook.com/pages/Sams-Plumbing/107587056463117,,Fri Jun 20 2025 11:06:04 GMT+0000 (Coordinated Universal Time),Up
Sims Plumbing LLC,+1 501-326-2290,mobile,,,34.67795360,-92.40235300,1,5.00,,,,ChIJU8NrPshFzYcRkgPf_3v036A,https://lh6.googleusercontent.com/-7_gUsM_-tPU/AAAAAAAAAAI/AAAAAAAAAAA/ES1mz_p3gi8/s44-p-k-no-ns-nd/photo.jpg,,,,Fri Jun 20 2025 11:06:08 GMT+0000 (Coordinated Universal Time),No Website
Pro Rooter,+1 501-944-8367,mobile,North Little Rock,Arkansas,34.80304920,-92.24822080,1,5.00,"https://search.google.com/local/reviews?placeid=ChIJAQAAALS90ocRYzsKrbJNikY&q=plumber,+72206,+Little+Rock,+AR,+US&authuser=0&hl=en&gl=US",,,ChIJAQAAALS90ocRYzsKrbJNikY,,,,1,Fri Jun 20 2025 11:06:08 GMT+0000 (Coordinated Universal Time),No Website
A-Plus Plumbing & Mechanical,+1 501-888-3897,mobile,Mabelvale,Arkansas,34.58487270,-92.39123620,1,5.00,"https://search.google.com/local/reviews?placeid=ChIJVVVVVUWp0ocRWXif5fdDDYk&q=plumber,+72206,+Little+Rock,+AR,+US&authuser=0&hl=en&gl=US",,,ChIJVVVVVUWp0ocRWXif5fdDDYk,,,,1,Fri Jun 20 2025 11:06:08 GMT+0000 (Coordinated Universal Time),No Website
Airco Service,+1 501-697-9809,mobile,North Little Rock,Arkansas,34.81614800,-92.36448770,1425,4.90,"https://search.google.com/local/reviews?placeid=ChIJbaXltj2C0ocR9aPuRSh5XcM&q=plumber,+72206,+Little+Rock,+AR,+US&authuser=0&hl=en&gl=US",mfoster@aircoservice.com,https://www.facebook.com/AircoServiceTulsa/,ChIJbaXltj2C0ocR9aPuRSh5XcM,https://lh5.googleusercontent.com/-SIxpP5upC8M/AAAAAAAAAAI/AAAAAAAAAAA/jSo86mxv6dw/s44-p-k-no-ns-nd/photo.jpg,"Monday: Open 24 hours, Tuesday: Open 24 hours, Wednesday: Open 24 hours, Thursday: Open 24 hours, Friday: Open 24 hours, Saturday: Open 24 hours, Sunday: Open 24 hours",https://www.aircoservice.com/Little-Rock/?utm_source=GMB,26,Fri Jun 20 2025 11:06:08 GMT+0000 (Coordinated Universal Time),Up
Clog Hogs Plumbing and Drain-Cleaning,+1 501-650-2316,mobile,North Little Rock,Arkansas,34.80321660,-92.21628150,180,4.90,"https://search.google.com/local/reviews?placeid=ChIJJ6C5dIe90ocRv4hz65EVdkY&q=plumber,+72202,+Little+Rock,+AR,+US&authuser=0&hl=en&gl=US",cloghogs@yahoo.com,https://www.facebook.com/cloghogsllc/,ChIJJ6C5dIe90ocRv4hz65EVdkY,https://lh6.googleusercontent.com/-aqBnhJGEwc8/AAAAAAAAAAI/AAAAAAAAAAA/3BpqWZvk4Yc/s44-p-k-no-ns-nd/photo.jpg,"Monday: 8AM-4:30PM, Tuesday: 8AM-4:30PM, Wednesday: 8AM-4:30PM, Thursday: 8AM-4:30PM, Friday: 8AM-4:30PM, Saturday: Closed, Sunday: Closed",http://www.cloghogs.com/,10,Fri Jun 20 2025 11:06:07 GMT+0000 (Coordinated Universal Time),Down (403)
Mid-Town Plumbing Co.,+1 501-426-5900,mobile,Benton,Arkansas,34.56347450,-92.60113900,145,4.90,"https://search.google.com/local/reviews?placeid=ChIJc1UjNiNQzYcRrGIdlyyziN4&q=plumber,+72210,+Little+Rock,+AR,+US&authuser=0&hl=en&gl=US",jk.midtown@gmail.com,,ChIJc1UjNiNQzYcRrGIdlyyziN4,https://lh5.googleusercontent.com/-0dyVPCsfja4/AAAAAAAAAAI/AAAAAAAAAAA/1hXTxqX9Jg4/s44-p-k-no-ns-nd/photo.jpg,"Monday: Open 24 hours, Tuesday: Open 24 hours, Wednesday: Open 24 hours, Thursday: Open 24 hours, Friday: Open 24 hours, Saturday: Open 24 hours, Sunday: Open 24 hours",https://midtownmechanicalservices.com/,28,Fri Jun 20 2025 11:06:10 GMT+0000 (Coordinated Universal Time),Down (403)
Hall's Affordable Plumbing,+1 501-297-0723,mobile,,,34.70404600,-92.52901450,51,4.90,,,,ChIJs4YUUe6n0ocRMmUM6sEyo8Y,https://lh6.googleusercontent.com/-ZEq_GJTYNyg/AAAAAAAAAAI/AAAAAAAAAAA/lYC2csjuUHM/s44-p-k-no-ns-nd/photo.jpg,"Monday: Open 24 hours, Tuesday: Open 24 hours, Wednesday: Open 24 hours, Thursday: Open 24 hours, Friday: Open 24 hours, Saturday: 10AM-3:30AM, Sunday: Closed",,,Fri Jun 20 2025 11:06:02 GMT+0000 (Coordinated Universal Time),No Website
Precise,+1 501-773-2473,mobile,North Little Rock,Arkansas,34.83392100,-92.38407140,177,4.80,"https://search.google.com/local/reviews?placeid=ChIJG9eXRl-j0ocRh6PG-mgpj9Y&q=plumber,+72206,+Little+Rock,+AR,+US&authuser=0&hl=en&gl=US",michael_pruett@yahoo.com,https://www.facebook.com/PreciseSolarandPower,ChIJG9eXRl-j0ocRh6PG-mgpj9Y,https://lh3.googleusercontent.com/-Swu2HZxy-Mc/AAAAAAAAAAI/AAAAAAAAAAA/HeOK-FDELmk/s44-p-k-no-ns-nd/photo.jpg,"Monday: 7AM-7PM, Tuesday: 7AM-7PM, Wednesday: 7AM-7PM, Thursday: 7AM-7PM, Friday: 7AM-7PM, Saturday: 7AM-7PM, Sunday: 7AM-7PM",https://precisearkansas.com/maumelle,7,Fri Jun 20 2025 11:06:08 GMT+0000 (Coordinated Universal Time),Up
Diamond State Plumbing,+1 501-585-5454,mobile,Little Rock,Arkansas,34.75827430,-92.39812110,174,4.80,"https://search.google.com/local/reviews?placeid=ChIJg8wJPTGh0ocRXQU2LfkxE-U&q=plumber,+72201,+Little+Rock,+AR,+US&authuser=0&hl=en&gl=US",diamondstateplumbing18@gmail.com,https://www.facebook.com/DiamondStatePlumbing-172220143479018/,ChIJg8wJPTGh0ocRXQU2LfkxE-U,https://lh5.googleusercontent.com/-KOWRd6rLhrQ/AAAAAAAAAAI/AAAAAAAAAAA/70QrIrTfiK4/s44-p-k-no-ns-nd/photo.jpg,"Monday: 8AM-5PM, Tuesday: 8AM-5PM, Wednesday: 8AM-5PM, Thursday: 8AM-5PM, Friday: 8AM-5PM, Saturday: Closed, Sunday: Closed",,49,Fri Jun 20 2025 11:06:02 GMT+0000 (Coordinated Universal Time),No Website
Matlock Plumbing Inc.,+1 501-442-0320,mobile,,,34.78565350,-92.31365510,100,4.80,"https://search.google.com/local/reviews?placeid=ChIJmzA6vi9N704RIm0X-Eu_wUg&q=plumber,+72204,+Little+Rock,+AR,+US&authuser=0&hl=en&gl=US",matlockplumbingincorp@gmail.com,https://www.facebook.com/matlockplumbingAR,ChIJmzA6vi9N704RIm0X-Eu_wUg,https://lh5.googleusercontent.com/-3Wg-NCxIid0/AAAAAAAAAAI/AAAAAAAAAAA/aKdMVfPjQbQ/s44-p-k-no-ns-nd/photo.jpg,"Monday: Open 24 hours, Tuesday: Open 24 hours, Wednesday: Open 24 hours, Thursday: Open 24 hours, Friday: Open 24 hours, Saturday: Open 24 hours, Sunday: Open 24 hours",http://www.matlockplumbinginc.net/,12,Fri Jun 20 2025 11:06:08 GMT+0000 (Coordinated Universal Time),Down (403)
MAC Mechanical Company,+1 501-563-3333,mobile,Little Rock,Arkansas,34.68728370,-92.31181940,56,4.80,"https://search.google.com/local/reviews?placeid=ChIJVVVls--j0ocR74KQud58g2U&q=plumber,+72202,+Little+Rock,+AR,+US&authuser=0&hl=en&gl=US",info@bold-themes.com,,ChIJVVVls--j0ocR74KQud58g2U,https://lh4.googleusercontent.com/-TjJ0mX-jINY/AAAAAAAAAAI/AAAAAAAAAAA/uEnopenIF5o/s44-p-k-no-ns-nd/photo.jpg,"Monday: 8AM-5PM, Tuesday: 8AM-5PM, Wednesday: 8AM-5PM, Thursday: 8AM-5PM, Friday: 8AM-5PM, Saturday: Closed, Sunday: Closed",http://mac-mechanical.com/,20,Fri Jun 20 2025 11:06:07 GMT+0000 (Coordinated Universal Time),Up
All Drains 70 Plumbing Llc,+1 501-909-9172,mobile,Bryant,Arkansas,34.62266490,-92.46640310,36,4.80,"https://search.google.com/local/reviews?placeid=ChIJQwhdmT1XzYcR-pbBvMHt63g&q=plumber,+72209,+Little+Rock,+AR,+US&authuser=0&hl=en&gl=US",,,ChIJQwhdmT1XzYcR-pbBvMHt63g,https://lh6.googleusercontent.com/-UjDa0mqT6Vg/AAAAAAAAAAI/AAAAAAAAAAA/_Y2rFWlq_is/s44-p-k-no-ns-nd/photo.jpg,"Monday: 8AM-6PM, Tuesday: 8AM-6PM, Wednesday: 8AM-6PM, Thursday: 8AM-6PM, Friday: 8AM-6PM, Saturday: Closed, Sunday: Closed",https://alldrains70.wixsite.com/alldrains70,9,Fri Jun 20 2025 11:06:10 GMT+0000 (Coordinated Universal Time),Up
Davidbrooks Plumbing and Heating and Air,+1 501-744-5403,mobile,North Little Rock,Arkansas,34.80200630,-92.19332260,26,4.80,"https://search.google.com/local/reviews?placeid=ChIJ5yg0GGi_0ocRT1CqBMsN7n0&q=plumber,+72202,+Little+Rock,+AR,+US&authuser=0&hl=en&gl=US",info@americanplumbinghvac.com,https://www.facebook.com/AmericanPlumbingHVAC,ChIJ5yg0GGi_0ocRT1CqBMsN7n0,https://lh5.googleusercontent.com/-MQIm20ckLg8/AAAAAAAAAAI/AAAAAAAAAAA/PmTjOTxsAgY/s44-p-k-no-ns-nd/photo.jpg,"Monday: Open 24 hours, Tuesday: Open 24 hours, Wednesday: Open 24 hours, Thursday: Open 24 hours, Friday: Open 24 hours, Saturday: Open 24 hours, Sunday: Open 24 hours",,8,Fri Jun 20 2025 11:06:07 GMT+0000 (Coordinated Universal Time),No Website
Central Arkansas Service Company,+1 501-307-1310,mobile,North Little Rock,Arkansas,34.83571150,-92.38199660,23,4.80,"https://search.google.com/local/reviews?placeid=ChIJMSX8KBSh0ocRwAiNCnxXP-8&q=plumber,+72206,+Little+Rock,+AR,+US&authuser=0&hl=en&gl=US",brandon@centralarservice.com,,ChIJMSX8KBSh0ocRwAiNCnxXP-8,https://lh4.googleusercontent.com/-lNKimjOEIVk/AAAAAAAAAAI/AAAAAAAAAAA/2vuvOpsa1l4/s44-p-k-no-ns-nd/photo.jpg,"Monday: 7AM-6PM, Tuesday: 7AM-6PM, Wednesday: 7AM-6PM, Thursday: 7AM-6PM, Friday: 7AM-6PM, Saturday: 7AM-6PM, Sunday: 7AM-6PM",https://centralarservice.com/,6,Fri Jun 20 2025 11:06:08 GMT+0000 (Coordinated Universal Time),Up
Shaw Plumbing,+1 501-253-3578,mobile,,,34.80467390,-92.55115600,21,4.80,"https://search.google.com/local/reviews?placeid=ChIJX10rwMkbGmERCp12FyjKShM&q=plumber,+72207,+Little+Rock,+AR,+US&authuser=0&hl=en&gl=US",sshaw@shawplumbing.org,,ChIJX10rwMkbGmERCp12FyjKShM,https://lh6.googleusercontent.com/-4Kdisqynz7s/AAAAAAAAAAI/AAAAAAAAAAA/1W7OoueKwBk/s44-p-k-no-ns-nd/photo.jpg,"Monday: 8AM-6PM, Tuesday: 8AM-6PM, Wednesday: 8AM-6PM, Thursday: 8AM-6PM, Friday: 8AM-6PM, Saturday: 8AM-6PM, Sunday: 8AM-6PM",http://shawplumbing.org/,10,Fri Jun 20 2025 11:06:10 GMT+0000 (Coordinated Universal Time),Up
Hall Plumbing,+1 501-888-2518,mobile,,,34.56789800,-92.35406150,3,4.70,,,,ChIJce2uq7ex0ocRn5c7USZoV6s,https://lh6.googleusercontent.com/-THxWgHYN0j4/AAAAAAAAAAI/AAAAAAAAAAA/bbR_7_k6zxU/s44-p-k-no-ns-nd/photo.jpg,"Monday: 7AM-4PM, Tuesday: 7AM-4PM, Wednesday: 7AM-4PM, Thursday: 7AM-4PM, Friday: 7AM-4PM, Saturday: Closed, Sunday: Closed",,,Fri Jun 20 2025 11:06:08 GMT+0000 (Coordinated Universal Time),No Website
"Rachal Facility Services, LLC",+1 501-350-6366,mobile,,,34.64618100,-92.52514660,10,4.60,"https://search.google.com/local/reviews?placeid=ChIJJ5PbvslqVK0RGSrWklXpswE&q=plumber,+72202,+Little+Rock,+AR,+US&authuser=0&hl=en&gl=US",,,ChIJJ5PbvslqVK0RGSrWklXpswE,https://lh4.googleusercontent.com/-UqumtF8FJR0/AAAAAAAAAAI/AAAAAAAAAAA/2MZYV-76cAg/s44-p-k-no-ns-nd/photo.jpg,"Monday: 8AM-5PM, Tuesday: 8AM-5PM, Wednesday: 8AM-5PM, Thursday: 8AM-5PM, Friday: 8AM-5PM, Saturday: Closed, Sunday: Closed",,2,Fri Jun 20 2025 11:06:04 GMT+0000 (Coordinated Universal Time),No Website
E. Paul's Plumbing,+1 501-952-0934,mobile,Little Rock,Arkansas,34.75408560,-92.33484330,9,4.60,"https://search.google.com/local/reviews?placeid=ChIJOx27rn2j0ocR_6GaPEe1Hqo&q=plumber,+72201,+Little+Rock,+AR,+US&authuser=0&hl=en&gl=US",,,ChIJOx27rn2j0ocR_6GaPEe1Hqo,https://lh4.googleusercontent.com/-MbIVDXlXYK0/AAAAAAAAAAI/AAAAAAAAAAA/YlkogPrjaHU/s44-p-k-no-ns-nd/photo.jpg,,,1,Fri Jun 20 2025 11:06:02 GMT+0000 (Coordinated Universal Time),No Website
Goff Plumbing & Sprinkler Co,+1 501-831-5179,mobile,North Little Rock,Arkansas,34.80380600,-92.24690800,8,4.50,"https://search.google.com/local/reviews?placeid=ChIJr5opmLa90ocRVnlUVa78faY&q=plumber,+72206,+Little+Rock,+AR,+US&authuser=0&hl=en&gl=US",,,ChIJr5opmLa90ocRVnlUVa78faY,,,,3,Fri Jun 20 2025 11:06:08 GMT+0000 (Coordinated Universal Time),No Website
C&R Rooter,+1 501-455-0507,mobile,,,34.75201560,-92.12942800,8,4.50,"https://search.google.com/local/reviews?placeid=ChIJ16Fg--ao0ocRE964B_oct2M&q=plumber,+72206,+Little+Rock,+AR,+US&authuser=0&hl=en&gl=US",crrooter@yahoo.com,https://www.facebook.com/CandRrooter/,ChIJ16Fg--ao0ocRE964B_oct2M,https://lh3.googleusercontent.com/-mzZK8QnyrSo/AAAAAAAAAAI/AAAAAAAAAAA/EfXD6FeHLSs/s44-p-k-no-ns-nd/photo.jpg,"Monday: Open 24 hours, Tuesday: Open 24 hours, Wednesday: Open 24 hours, Thursday: Open 24 hours, Friday: Open 24 hours, Saturday: Open 24 hours, Sunday: Open 24 hours",http://www.facebook.com/candrrooter,2,Fri Jun 20 2025 11:06:08 GMT+0000 (Coordinated Universal Time),Up
Premier Plumbing & Rooter,+1 501-231-0774,mobile,,,34.75201560,-92.12942800,4,4.50,,,,ChIJ6SaKjslZzYcRx0zGOiHD4bY,https://lh6.googleusercontent.com/-LNnmH8Bur8c/AAAAAAAAAAI/AAAAAAAAAAA/TBoYiLN2Vz8/s44-p-k-no-ns-nd/photo.jpg,"Monday: Open 24 hours, Tuesday: Open 24 hours, Wednesday: Open 24 hours, Thursday: Open 24 hours, Friday: Open 24 hours, Saturday: Open 24 hours, Sunday: Open 24 hours",,,Fri Jun 20 2025 11:06:10 GMT+0000 (Coordinated Universal Time),No Website
Joe Horton Jr Plumbing Inc,+1 501-834-5569,mobile,Sherwood,Arkansas,34.84094010,-92.23717260,13,4.40,"https://search.google.com/local/reviews?placeid=ChIJzfmYIva90ocRVfJI7PKdKJ4&q=plumber,+72206,+Little+Rock,+AR,+US&authuser=0&hl=en&gl=US",,,ChIJzfmYIva90ocRVfJI7PKdKJ4,https://lh6.googleusercontent.com/-R9GGRaFpLAI/AAAAAAAAAAI/AAAAAAAAAAA/x_JfWYhurHw/s44-p-k-no-ns-nd/photo.jpg,"Monday: 8AM-5PM, Tuesday: 8AM-5PM, Wednesday: 8AM-5PM, Thursday: 8AM-5PM, Friday: 8AM-5PM, Saturday: Closed, Sunday: Closed",,1,Fri Jun 20 2025 11:06:08 GMT+0000 (Coordinated Universal Time),No Website
Maxson Plumbing and Drain Cleaning Inc.,+1 501-834-0600,mobile,,,34.86044300,-92.18838960,13,4.40,"https://search.google.com/local/reviews?placeid=ChIJdX1d_ei_0ocRBAwAlCfI6cI&q=plumber,+72206,+Little+Rock,+AR,+US&authuser=0&hl=en&gl=US",,,ChIJdX1d_ei_0ocRBAwAlCfI6cI,https://lh6.googleusercontent.com/-UnEd291_z8o/AAAAAAAAAAI/AAAAAAAAAAA/F-MYeM2bdQU/s44-p-k-no-ns-nd/photo.jpg,"Monday: 8AM-6PM, Tuesday: 8AM-6PM, Wednesday: 8AM-6PM, Thursday: 8AM-6PM, Friday: 8AM-6PM, Saturday: Closed, Sunday: Closed",,4,Fri Jun 20 2025 11:06:08 GMT+0000 (Coordinated Universal Time),No Website
Coop's Plumbing Service,,,North Little Rock,Arkansas,34.82590520,-92.33571240,11,4.40,"https://search.google.com/local/reviews?placeid=ChIJq6pa546i0ocRPFx0BlVJZxY&q=plumber,+72202,+Little+Rock,+AR,+US&authuser=0&hl=en&gl=US",,,ChIJq6pa546i0ocRPFx0BlVJZxY,,"Monday: Open 24 hours, Tuesday: Open 24 hours, Wednesday: Open 24 hours, Thursday: Open 24 hours, Friday: Open 24 hours, Saturday: Open 24 hours, Sunday: Closed",,2,Fri Jun 20 2025 11:06:07 GMT+0000 (Coordinated Universal Time),No Website
Patriot Plumbing,,,,,34.83142900,-92.24741400,7,4.40,"https://search.google.com/local/reviews?placeid=ChIJZSlSR4i_0ocR1J74QrzMhME&q=plumber,+72206,+Little+Rock,+AR,+US&authuser=0&hl=en&gl=US",,,ChIJZSlSR4i_0ocR1J74QrzMhME,https://lh3.googleusercontent.com/-voHuZp0FvjY/AAAAAAAAAAI/AAAAAAAAAAA/ywkTK91Pz_Y/s44-p-k-no-ns-nd/photo.jpg,"Monday: 7AM-6PM, Tuesday: 7AM-6PM, Wednesday: 7AM-6PM, Thursday: 7AM-6PM, Friday: 7AM-6PM, Saturday: 7AM-6PM, Sunday: 7AM-6PM",http://www.facebook.com/PatriotPlumbing1,13,Fri Jun 20 2025 11:06:08 GMT+0000 (Coordinated Universal Time),Up
Prestige Plumbing,+1 501-804-2582,mobile,,,34.59216700,-92.58139200,16,4.00,"https://search.google.com/local/reviews?placeid=ChIJ06BwnBJRzYcRHbN0bI1KRn8&q=plumber,+72210,+Little+Rock,+AR,+US&authuser=0&hl=en&gl=US",perthprestigeplumbing@iinet.net.au,https://www.facebook.com/perthprestigeplumbing/,ChIJ06BwnBJRzYcRHbN0bI1KRn8,https://lh4.googleusercontent.com/--RGSq_xt25Q/AAAAAAAAAAI/AAAAAAAAAAA/szQ1YRggFpY/s44-p-k-no-ns-nd/photo.jpg,"Monday: 8AM-4:30PM, Tuesday: 8AM-4:30PM, Wednesday: 8AM-4:30PM, Thursday: 8AM-4:30PM, Friday: 8AM-4:30PM, Saturday: Closed, Sunday: Closed",,1,Fri Jun 20 2025 11:06:10 GMT+0000 (Coordinated Universal Time),No Website
Jackson Plumbing,+1 501-658-5130,mobile,,,34.75308850,-92.39245300,7,4.00,"https://search.google.com/local/reviews?placeid=ChIJebmDbbC90ocREnFBteePr8w&q=plumber,+72202,+Little+Rock,+AR,+US&authuser=0&hl=en&gl=US",jacksonplumbingllc@yahoo.com,,ChIJebmDbbC90ocREnFBteePr8w,https://lh3.googleusercontent.com/-1Z0XQWqA1ZU/AAAAAAAAAAI/AAAAAAAAAAA/eIQHqHapWQg/s44-p-k-no-ns-nd/photo.jpg,"Monday: 7AM-4PM, Tuesday: 7AM-4PM, Wednesday: 7AM-4PM, Thursday: 7AM-4PM, Friday: 7AM-4PM, Saturday: Closed, Sunday: Closed",https://jacksonplumbingco.com/,3,Fri Jun 20 2025 11:06:07 GMT+0000 (Coordinated Universal Time),Down (406)
Sam's Plumbing,+1 501-412-1315,mobile,Hensley,Arkansas,34.54270250,-92.33368010,14,3.70,"https://search.google.com/local/reviews?placeid=ChIJ7Sq-azuy0ocRkxwJFMlraSw&q=plumber,+72206,+Little+Rock,+AR,+US&authuser=0&hl=en&gl=US",samcrook330@yahoo.com,https://www.facebook.com/p/,ChIJ7Sq-azuy0ocRkxwJFMlraSw,https://lh4.googleusercontent.com/-HSz4A4ytN5s/AAAAAAAAAAI/AAAAAAAAAAA/ZoriJvks_NM/s44-p-k-no-ns-nd/photo.jpg,"Monday: Open 24 hours, Tuesday: Open 24 hours, Wednesday: Open 24 hours, Thursday: Open 24 hours, Friday: Open 24 hours, Saturday: Open 24 hours, Sunday: Open 24 hours",https://www.samsplumbingar.com/,162,Fri Jun 20 2025 11:06:08 GMT+0000 (Coordinated Universal Time),Down (404)
Web Matheny Plumbing,+1 501-766-0767,mobile,Maumelle,Arkansas,34.85824150,-92.40924250,13,3.50,"https://search.google.com/local/reviews?placeid=ChIJjRiSCG2f0ocRJTtlndQYNUA&q=plumber,+72222,+Little+Rock,+AR,+US&authuser=0&hl=en&gl=US",,,ChIJjRiSCG2f0ocRJTtlndQYNUA,,"Monday: 7AM-5PM, Tuesday: 7AM-5PM, Wednesday: 7AM-5PM, Thursday: 7AM-5PM, Friday: 7AM-5PM, Saturday: Closed, Sunday: Closed",,1,Fri Jun 20 2025 11:06:11 GMT+0000 (Coordinated Universal Time),No Website
Chance Services & Plumbing Company,+1 501-412-1286,mobile,North Little Rock,Arkansas,34.79463860,-92.18576850,1,1.00,"https://search.google.com/local/reviews?placeid=ChIJ1wxBamK_0ocRxnHg4ylj23Q&q=plumber,+72206,+Little+Rock,+AR,+US&authuser=0&hl=en&gl=US",,,ChIJ1wxBamK_0ocRxnHg4ylj23Q,https://lh4.googleusercontent.com/-RYtTJ6Z_iKI/AAAAAAAAAAI/AAAAAAAAAAA/xoKoopB6oxI/s44-p-k-no-ns-nd/photo.jpg,"Monday: 7:30AM-4:30PM, Tuesday: 7:30AM-4:30PM, Wednesday: 7:30AM-4:30PM, Thursday: 7:30AM-4:30PM, Friday: 7:30AM-4:30PM, Saturday: Closed, Sunday: Closed",,4,Fri Jun 20 2025 11:06:08 GMT+0000 (Coordinated Universal Time),No Website
Express Rooter,+1 501-744-4306,mobile,North Little Rock,Arkansas,34.80133100,-92.24171200,1,1.00,"https://search.google.com/local/reviews?placeid=ChIJk9pYRMq90ocR7ojXOuCM_FA&q=plumber,+72206,+Little+Rock,+AR,+US&authuser=0&hl=en&gl=US",,,ChIJk9pYRMq90ocR7ojXOuCM_FA,,,,1,Fri Jun 20 2025 11:06:08 GMT+0000 (Coordinated Universal Time),No Website
